avg_lat,avg_lon,average_temperature_F,standard_deviation_F,number_of_data_points
37.6809842,-121.7615038,66.562,0.04,4
37.6811244,-121.7615234,67.024,0.232,9
37.6807593,-121.761286,67.127,0.321,6
37.6807468,-121.7612304,66.626,0.321,18
37.6808151,-121.7613711,66.833,0.227,14
37.680886,-121.761382,66.595,0.012,6
37.680796,-121.7613235,66.973,0.392,21
37.6808021,-121.7612337,67.058,0.449,18
37.6808569,-121.7613356,66.726,0.108,8
37.680853,-121.7612323,66.61,0.261,14
37.6806856,-121.7611408,66.326,0.224,10
37.680677,-121.7610946,66.579,0.322,14
37.6807404,-121.7611593,66.85,0.519,32
37.680745,-121.7610809,67.139,0.374,34
37.6807385,-121.76101,67.307,0.362,33
37.6807443,-121.7609307,67.399,0.409,34
37.6807861,-121.7611798,67.164,0.519,14
37.6808666,-121.7611688,66.988,0.023,5
37.6807747,-121.7610047,66.39,0.072,6
37.6807749,-121.7609313,66.722,0.505,16
37.6809332,-121.761442,66.61,0.025,5
37.6809265,-121.7613871,66.694,0.165,15
37.6809911,-121.7614573,66.853,0.169,18
37.6809833,-121.7613903,66.851,0.25,27
37.6809222,-121.7613076,66.667,0.238,10
37.6809314,-121.7612349,66.788,0.257,14
37.6809616,-121.7613118,66.816,0.062,5
37.6809786,-121.761236,66.616,0.16,5
37.6810482,-121.7614581,66.945,0.157,29
37.6810466,-121.7614079,66.797,0.173,7
37.6811021,-121.7614648,67.055,0.219,14
37.6810886,-121.7613648,66.964,0.029,5
37.681049,-121.7612388,66.567,0.03,6
37.6811203,-121.761321,67.048,0.025,6
37.681096,-121.7612048,66.6,0.014,4
37.6809228,-121.7611682,66.922,0.034,9
37.6810364,-121.761008,67.198,0.125,9
37.6810245,-121.7609245,66.925,0.051,6
37.6811051,-121.7610172,67.839,0.396,19
37.6810941,-121.7609283,68.159,0.044,7
37.6801894,-121.7606808,66.86,0.065,5
37.680241,-121.7606809,66.776,0.024,7
37.6803049,-121.7606573,66.9,0.102,9
37.680377,-121.7606798,67.046,0.015,5
37.6803508,-121.760628,66.866,0.071,5
37.6801666,-121.7604926,67.016,0.057,7
37.6802347,-121.7605666,67.05,0.037,7
37.6804272,-121.7606434,67.056,0.013,5
37.680424,-121.7605294,66.839,0.023,7
37.6805053,-121.7605375,67.526,0.614,26
37.6804895,-121.760448,66.121,0.614,417
37.6804918,-121.7604345,66.305,0.518,236
37.680508,-121.7603376,66.86,0.352,5
37.6805447,-121.7605312,67.425,0.693,47
37.6805412,-121.7604744,67.305,0.662,152
37.6806106,-121.7605331,67.082,0.572,36
37.6805999,-121.7604883,66.853,0.77,50
37.6805341,-121.7604142,67.088,0.495,56
37.6805394,-121.7603235,66.877,0.519,20
37.6802486,-121.7600792,65.499,0.583,10
37.680252,-121.7600231,65.796,0.502,20
37.6802918,-121.7600802,65.934,0.542,16
37.6803015,-121.7600394,65.731,0.349,28
37.6803575,-121.7600707,66.12,0.33,31
37.6803535,-121.760033,65.856,0.392,32
37.680254,-121.7599518,65.513,0.316,12
37.680252,-121.7598764,65.497,0.274,11
37.6802516,-121.7597898,65.498,0.29,13
37.6802511,-121.7597162,65.359,0.245,10
37.6802842,-121.7599567,65.778,0.201,21
37.680291,-121.7598674,65.904,0.081,9
37.680365,-121.7599516,65.912,0.211,17
37.6803582,-121.7598688,65.811,0.221,20
37.6803112,-121.7597876,65.717,0.253,24
37.6802996,-121.7597137,65.632,0.216,21
37.6803467,-121.7598034,65.713,0.308,24
37.68033,-121.7597193,66.153,0.026,7
37.6805087,-121.7601692,66.254,0.26,9
37.6804198,-121.7600741,66.203,0.387,22
37.6804187,-121.7600437,65.623,0.387,15
37.6804815,-121.7600853,66.224,0.458,34
37.6804798,-121.7600238,65.819,0.376,31
37.6805373,-121.7602473,66.711,0.459,31
37.6805471,-121.7601701,66.507,0.378,45
37.6806031,-121.7601598,66.708,0.245,24
37.680539,-121.7600946,66.312,0.45,40
37.6805456,-121.7600312,65.982,0.269,33
37.6806034,-121.7601138,66.112,0.051,13
37.6806053,-121.7600164,66.178,0.079,24
37.6804144,-121.7599414,65.736,0.252,17
37.6804116,-121.759871,65.666,0.235,14
37.6804786,-121.7599434,66.007,0.097,13
37.6804845,-121.759865,65.932,0.092,13
37.6803921,-121.7597976,65.8,0.064,7
37.6803958,-121.7597128,65.872,0.022,4
37.6804905,-121.7597901,65.787,0.128,19
37.6804851,-121.7597158,65.85,0.074,16
37.6805377,-121.7599448,65.89,0.148,21
37.6805328,-121.7598582,65.805,0.17,17
37.6805977,-121.759935,66.174,0.117,12
37.6805979,-121.7598937,66.056,0.039,7
37.6805166,-121.759793,65.646,0.158,8
37.6805262,-121.7597198,65.656,0.183,13
37.6806,-121.7596966,65.897,0.048,7
37.680749,-121.7608525,67.442,0.333,31
37.680747,-121.760781,67.353,0.3,26
37.6807485,-121.7607035,67.092,0.419,19
37.6807524,-121.7606251,66.74,0.567,16
37.6807823,-121.7608527,66.383,0.075,9
37.6807869,-121.7607666,66.514,0.629,8
37.6807747,-121.7606929,67.011,0.695,16
37.6807739,-121.7606278,67.25,0.344,22
37.6806733,-121.7605499,67.251,0.612,51
37.6806701,-121.7604812,66.902,0.436,17
37.6807311,-121.7605582,67.062,0.536,53
37.6807255,-121.7604992,66.719,0.569,14
37.6807941,-121.7605469,66.956,0.3,58
37.6808059,-121.7604878,66.56,0.16,23
37.6808502,-121.7605334,66.852,0.333,42
37.6808496,-121.7604684,66.071,0.551,56
37.6808034,-121.7603995,66.452,0.065,11
37.6808021,-121.7603184,66.144,0.066,7
37.6808391,-121.7603959,65.64,0.2,14
37.6808362,-121.7603163,65.634,0.089,14
37.6809786,-121.7605933,66.702,0.335,14
37.6810374,-121.7608462,67.008,0.499,8
37.6810486,-121.7607737,67.056,0.541,14
37.6810849,-121.7608385,68.006,0.1,8
37.6810414,-121.7606926,66.966,0.469,26
37.6810315,-121.7606095,66.885,0.337,32
37.6810982,-121.7605975,66.879,0.259,28
37.6809154,-121.7605417,66.696,0.313,41
37.6809128,-121.7604812,66.484,0.465,25
37.6809785,-121.7605539,66.691,0.321,59
37.6809758,-121.7604883,66.562,0.39,23
37.6810329,-121.7605483,66.555,0.259,33
37.6810366,-121.7604751,66.513,0.364,23
37.6811007,-121.7605453,66.728,0.305,32
37.681099,-121.760461,66.316,0.511,20
37.681107,-121.7603953,66.501,0.51,34
37.6811138,-121.760316,66.406,0.569,32
37.6806702,-121.7601518,66.186,0.126,13
37.6807169,-121.7601471,66.09,0.014,9
37.6806657,-121.7601147,66.453,0.346,21
37.6806648,-121.7600049,66.206,0.113,37
37.6807305,-121.7601002,66.289,0.262,27
37.6807094,-121.7600189,66.235,0.096,16
37.6808133,-121.7602349,66.133,0.119,7
37.6807964,-121.7601604,66.002,0.155,20
37.6808263,-121.7602412,65.693,0.186,10
37.680825,-121.760155,65.91,0.221,11
37.6808029,-121.7600944,66.108,0.241,36
37.6807981,-121.7600157,66.032,0.202,31
37.6808222,-121.7601004,66.1,0.157,5
37.6808193,-121.7600169,65.906,0.169,7
37.6806696,-121.7599341,66.218,0.128,10
37.6806724,-121.7598663,66.237,0.088,21
37.6807201,-121.7599408,66.302,0.203,30
37.6807232,-121.759864,66.388,0.243,19
37.6806715,-121.7597855,66.252,0.081,8
37.6806769,-121.7597063,66.183,0.209,17
37.6807229,-121.7597852,66.399,0.205,27
37.6807093,-121.7597116,66.364,0.224,27
37.6808018,-121.7599403,66.093,0.234,36
37.6807862,-121.7598611,66.29,0.332,37
37.6808224,-121.7598626,66.137,0.057,7
37.680795,-121.7597885,66.181,0.283,32
37.6807929,-121.7597069,66.233,0.286,30
37.6808235,-121.7597855,66.185,0.064,11
37.6808222,-121.7597108,66.141,0.068,11
37.6811122,-121.7602385,66.312,0.601,31
37.6811128,-121.7601672,66.018,0.669,18
37.6811133,-121.7600864,66.128,0.83,12
37.6811125,-121.760013,65.889,0.644,22
37.6811101,-121.7599312,65.643,0.697,19
37.6811104,-121.7598543,65.684,0.722,19
37.6811093,-121.7597772,65.881,0.784,11
37.6811078,-121.7597045,65.741,0.499,14
37.6811673,-121.761736,67.104,0.239,7
37.6811732,-121.7616955,66.912,0.218,10
37.6812454,-121.761672,67.411,0.213,11
37.6811735,-121.7616046,66.92,0.025,10
37.6811824,-121.7615168,67.138,0.206,14
37.6812454,-121.7616008,67.215,0.279,17
37.6812216,-121.7615442,67.086,0.264,18
37.6813225,-121.7617255,67.488,0.022,4
37.6813069,-121.7616843,67.505,0.29,51
37.6813377,-121.7616785,67.508,0.226,13
37.6812979,-121.761626,66.94,0.174,16
37.6812774,-121.761535,66.83,0.02,7
37.6813676,-121.7616058,67.092,0.22,29
37.6816238,-121.76197,66.55,0.012,4
37.6815652,-121.7618932,66.438,0.015,4
37.6815451,-121.7618226,66.611,0.302,14
37.6816114,-121.7619031,66.802,0.209,13
37.6815996,-121.7618372,66.879,0.138,10
37.6814369,-121.761672,66.36,0.043,8
37.6814949,-121.761757,66.411,0.019,7
37.6814213,-121.7616047,66.783,0.224,51
37.6814132,-121.7615408,66.973,0.181,17
37.6814828,-121.7616048,67.0,0.21,26
37.6814771,-121.7615318,66.864,0.315,20
37.6815424,-121.7617549,66.779,0.185,12
37.681544,-121.7616818,66.909,0.185,21
37.6815981,-121.7617564,67.103,0.018,7
37.6815351,-121.7616107,67.032,0.137,16
37.6815402,-121.7615335,67.395,0.249,11
37.6816007,-121.7615218,67.307,0.321,11
37.68117,-121.761463,66.972,0.018,12
37.681158,-121.7613874,67.023,0.033,7
37.68124,-121.761486,66.875,0.021,4
37.6811678,-121.7611762,66.643,0.021,6
37.6811787,-121.7610533,68.008,0.472,9
37.6812239,-121.7611661,66.737,0.021,7
37.6812244,-121.7610721,68.05,0.442,14
37.6811486,-121.7610299,68.183,0.437,9
37.681291,-121.7611304,66.838,0.071,5
37.6812901,-121.7610793,67.888,0.428,15
37.6813534,-121.7610764,67.701,0.566,22
37.6814613,-121.7613613,66.76,0.028,7
37.6814368,-121.7612952,66.738,0.035,5
37.6814617,-121.7612125,66.882,0.024,4
37.6815348,-121.7614629,66.846,0.254,10
37.681546,-121.7613718,66.766,0.018,9
37.6816026,-121.761448,67.538,0.193,10
37.6815812,-121.7613498,66.828,0.029,5
37.6816016,-121.7613016,66.834,0.036,7
37.681616,-121.7612317,66.991,0.092,12
37.6814205,-121.7611142,67.432,0.449,4
37.6814258,-121.7610725,67.86,0.426,62
37.681485,-121.7611622,66.91,0.086,5
37.6814542,-121.7610773,67.53,0.391,78
37.6814084,-121.7610236,67.531,0.084,8
37.6814848,-121.761016,67.43,0.014,5
37.6815353,-121.761153,66.983,0.016,6
37.6815335,-121.7610575,67.142,0.33,15
37.6816007,-121.761151,67.031,0.019,7
37.6816019,-121.7610618,67.309,0.377,8
37.681535,-121.7609847,67.344,0.203,32
37.6815254,-121.7609183,67.285,0.149,25
37.6815937,-121.7610017,67.34,0.351,20
37.6815735,-121.7609313,67.62,0.04,6
37.6816792,-121.7620641,66.746,0.069,8
37.6816765,-121.7619829,66.906,0.212,14
37.6817084,-121.7620522,66.822,0.023,5
37.6817193,-121.7619969,67.086,0.034,9
37.6816639,-121.7619164,67.009,0.09,14
37.6816505,-121.7618397,67.045,0.012,6
37.6816707,-121.761452,67.649,0.381,11
37.6816601,-121.7613803,67.563,0.163,7
37.681721,-121.7614357,67.255,0.059,6
37.6817281,-121.7613724,67.756,0.26,9
37.6816647,-121.761286,67.086,0.213,9
37.6816531,-121.7612171,66.99,0.054,14
37.6817137,-121.7612938,67.53,0.022,6
37.6817205,-121.7612252,67.222,0.181,11
37.6817841,-121.761359,67.271,0.03,7
37.6817652,-121.7612987,67.928,0.031,6
37.6817769,-121.761217,67.644,0.359,13
37.6818465,-121.7612912,67.308,0.065,10
37.6818334,-121.7612064,67.737,0.325,11
37.6816548,-121.7611526,67.125,0.243,10
37.6816586,-121.7610588,67.247,0.365,14
37.6817164,-121.7611439,67.265,0.31,14
37.6817229,-121.7610536,67.267,0.408,27
37.6816494,-121.7610151,67.682,0.141,9
37.6817892,-121.7611475,67.654,0.03,10
37.6817769,-121.7610479,67.375,0.38,17
37.6818521,-121.7611404,67.694,0.199,22
37.6818451,-121.7610701,67.697,0.148,15
37.6817968,-121.7610138,66.902,0.05,6
37.6818392,-121.7609804,66.945,0.044,13
37.6818951,-121.7612714,67.29,0.038,8
37.6819222,-121.7612313,67.362,0.021,10
37.6819918,-121.7612768,67.52,0.087,5
37.681976,-121.7612115,67.63,0.173,13
37.6820427,-121.76137,67.615,0.069,6
37.6821017,-121.761437,67.766,0.021,10
37.6820898,-121.76136,67.447,0.452,11
37.6820369,-121.7612916,67.279,0.32,11
37.6820181,-121.7612188,67.1,0.374,13
37.6820855,-121.7612965,66.837,0.208,6
37.6820942,-121.7612023,67.508,0.278,16
37.6819019,-121.7611141,67.767,0.171,18
37.6819092,-121.7610736,67.645,0.239,23
37.6819698,-121.7611364,67.481,0.49,24
37.6819676,-121.7610622,67.358,0.378,48
37.6819066,-121.7609936,67.312,0.289,13
37.6819064,-121.7609146,66.999,0.079,16
37.6819753,-121.7609897,67.09,0.396,27
37.6819651,-121.7609083,67.056,0.298,36
37.6820275,-121.7611396,67.653,0.442,26
37.6820304,-121.7610704,67.292,0.237,35
37.6820877,-121.7611384,67.49,0.291,37
37.6820894,-121.7610765,67.595,0.257,31
37.6820206,-121.7609877,67.38,0.351,17
37.6820204,-121.7609074,67.561,0.075,14
37.6820865,-121.7609867,67.418,0.078,32
37.6820938,-121.7609104,67.405,0.056,8
37.6811655,-121.7605972,66.995,0.218,16
37.6812161,-121.760589,67.195,0.197,23
37.6812928,-121.76058,67.095,0.01,4
37.6813547,-121.7605884,66.949,0.343,15
37.681164,-121.7605482,66.835,0.332,41
37.6811448,-121.7604723,67.002,0.161,13
37.6812258,-121.760553,66.859,0.309,50
37.6812862,-121.7605507,66.931,0.346,63
37.6812961,-121.7604657,66.826,0.083,15
37.6813436,-121.7605493,66.89,0.322,48
37.681344,-121.7604628,66.948,0.048,6
37.6814098,-121.7605982,66.95,0.266,20
37.6814696,-121.7606093,66.946,0.221,24
37.6815282,-121.7608417,67.22,0.183,26
37.6815203,-121.7607662,67.128,0.129,25
37.681516,-121.7606938,67.041,0.11,24
37.6815148,-121.7606124,66.828,0.132,20
37.6815808,-121.760591,66.642,0.192,6
37.6814046,-121.7605451,66.872,0.287,43
37.6814705,-121.7605496,66.884,0.352,36
37.6814853,-121.7604399,66.913,0.308,7
37.6813933,-121.7603862,66.86,0.02,6
37.6814173,-121.760307,66.787,0.033,6
37.6814746,-121.7603911,67.004,0.281,38
37.6814808,-121.7603093,66.885,0.288,40
37.6815279,-121.7605429,66.855,0.291,61
37.681521,-121.7604551,66.8,0.185,48
37.68159,-121.7605422,66.979,0.377,35
37.6815925,-121.7604595,66.831,0.274,19
37.681518,-121.7603859,66.765,0.094,21
37.6815007,-121.7603178,66.84,0.087,9
37.6811338,-121.7601515,65.888,0.105,10
37.6811359,-121.7600846,65.808,0.115,18
37.6811344,-121.7600038,65.862,0.025,9
37.6811409,-121.7599272,65.721,0.101,11
37.6811398,-121.7598534,65.697,0.222,11
37.6811353,-121.7597807,65.485,0.381,15
37.6811372,-121.7597048,65.419,0.332,18
37.6814158,-121.760152,66.782,0.005,4
37.6814628,-121.7602346,66.788,0.31,45
37.6814564,-121.7601584,66.703,0.393,39
37.68142,-121.7600746,66.613,0.331,9
37.6814232,-121.7600025,66.365,0.478,10
37.6814587,-121.7600782,66.702,0.509,32
37.6814646,-121.7599942,66.714,0.562,59
37.6815034,-121.7602351,66.708,0.08,12
37.6815112,-121.760157,66.644,0.071,12
37.6815178,-121.760083,66.617,0.136,12
37.6815082,-121.7599982,66.411,0.194,19
37.6814551,-121.7599344,66.661,0.723,54
37.6814592,-121.7598516,66.286,0.499,49
37.6814664,-121.7597763,66.092,0.454,41
37.6814665,-121.7596994,65.976,0.519,42
37.681512,-121.7599279,66.152,0.206,18
37.6815104,-121.7598504,66.122,0.164,11
37.6815022,-121.7597695,66.003,0.09,13
37.6815073,-121.7596966,65.985,0.195,11
37.6816599,-121.7605954,66.451,0.048,14
37.6817428,-121.7606705,66.45,0.109,4
37.6817146,-121.760625,66.42,0.076,9
37.6817792,-121.7606958,66.633,0.049,6
37.6817694,-121.7605722,66.644,0.033,5
37.6818388,-121.7607013,66.703,0.014,6
37.6818428,-121.7605796,66.835,0.265,17
37.6816519,-121.7605379,66.972,0.376,29
37.6816497,-121.7604631,66.822,0.269,24
37.6817147,-121.7605355,67.003,0.318,33
37.6817119,-121.7604615,66.832,0.291,25
37.681727,-121.7603994,66.61,0.012,5
37.68174,-121.7602908,66.602,0.167,5
37.681779,-121.7605355,67.042,0.284,19
37.6817722,-121.7604594,67.063,0.293,42
37.6818361,-121.7605395,67.045,0.169,25
37.68182,-121.760459,66.915,0.019,4
37.6817668,-121.7603803,66.94,0.319,43
37.6817581,-121.7603046,66.894,0.249,34
37.6818978,-121.7608332,66.848,0.063,5
37.6819121,-121.76075,66.747,0.108,9
37.681963,-121.7608337,67.044,0.3,60
37.6819619,-121.7607563,67.015,0.334,54
37.6819155,-121.760682,66.787,0.236,20
37.6819037,-121.7605974,66.931,0.257,47
37.6819528,-121.7606877,66.96,0.256,39
37.6819476,-121.7606166,67.104,0.117,14
37.6820698,-121.7608654,67.503,0.026,10
37.6818952,-121.7605388,67.086,0.157,19
37.6819462,-121.7605326,67.204,0.16,15
37.6817368,-121.7602239,66.954,0.176,10
37.6817337,-121.760153,66.85,0.306,23
37.6817284,-121.7600766,66.922,0.286,25
37.6817237,-121.7600011,67.197,0.337,25
37.6817601,-121.7602295,66.854,0.298,30
37.6817574,-121.7601559,66.903,0.361,23
37.6817473,-121.7600768,66.868,0.437,15
37.6817458,-121.7599941,66.618,0.134,13
37.6817288,-121.7599224,66.903,0.488,33
37.6817267,-121.7598498,66.512,0.577,20
37.6817241,-121.7597763,66.452,0.513,24
37.6817186,-121.7596954,66.309,0.549,29
37.6817417,-121.7599284,66.887,0.649,15
37.6817623,-121.7598403,67.207,0.474,103
37.6818249,-121.7598421,67.207,0.26,38
37.6817532,-121.7597803,66.603,0.482,22
37.6817468,-121.7596926,66.648,0.133,14
37.6818907,-121.7598451,67.278,0.267,26
37.6819542,-121.7598851,67.065,0.04,8
37.6819507,-121.7598265,67.171,0.296,19
37.6820155,-121.7598392,67.01,0.174,26
37.6820745,-121.7598409,67.02,0.243,31
37.6820086,-121.7597996,67.444,0.026,5
37.6802397,-121.7596451,65.336,0.043,7
37.6802534,-121.7595738,65.248,0.131,10
37.6803064,-121.7596435,65.632,0.418,34
37.6803027,-121.7595734,65.949,0.375,52
37.6803303,-121.7596387,65.948,0.128,6
37.6803421,-121.7595674,65.735,0.424,27
37.6802897,-121.759487,65.509,0.22,30
37.6802907,-121.7594083,65.449,0.369,41
37.6803369,-121.7594842,65.485,0.445,15
37.6803354,-121.7594048,65.529,0.297,16
37.6802929,-121.7593464,65.598,0.308,50
37.6803434,-121.7593459,65.519,0.447,18
37.6803915,-121.7596425,65.883,0.012,6
37.6803927,-121.7595658,65.762,0.068,4
37.6804856,-121.7596436,65.746,0.223,16
37.6804881,-121.7595674,65.696,0.258,16
37.6803908,-121.759487,65.607,0.031,6
37.6804064,-121.7593988,65.3,0.324,8
37.6804844,-121.7594894,65.651,0.318,15
37.6804752,-121.7594132,65.869,0.455,16
37.6805322,-121.7596431,65.641,0.23,10
37.6805395,-121.7595623,65.719,0.156,11
37.6805369,-121.7594843,66.107,0.441,34
37.6805297,-121.759415,66.175,0.365,11
37.6805982,-121.7594973,66.242,0.479,36
37.680599,-121.7594257,65.883,0.052,6
37.6804083,-121.7593328,65.476,0.392,32
37.6804186,-121.7592613,65.39,0.147,17
37.6804697,-121.7593289,66.025,0.263,18
37.6804755,-121.7592536,66.062,0.345,18
37.6804299,-121.7591981,65.294,0.157,12
37.6804676,-121.7591751,65.916,0.41,56
37.6804802,-121.7591376,65.168,0.1,5
37.6805368,-121.759333,65.72,0.026,5
37.6805338,-121.7592602,65.63,0.033,5
37.6805237,-121.7591679,65.463,0.052,9
37.6806839,-121.7596329,66.354,0.257,34
37.680679,-121.7595634,66.237,0.171,31
37.6807004,-121.7596446,66.347,0.158,15
37.6807136,-121.7595476,66.532,0.299,50
37.6806591,-121.7594915,66.355,0.326,44
37.6806612,-121.7594378,65.99,0.02,4
37.6807195,-121.7594808,66.469,0.233,37
37.6807248,-121.7594302,65.943,0.125,6
37.6807977,-121.7596345,66.317,0.274,37
37.6807929,-121.7595568,66.471,0.233,60
37.6808237,-121.75964,66.043,0.026,7
37.6808196,-121.759544,66.224,0.09,14
37.6807826,-121.7594793,66.46,0.255,53
37.6807829,-121.759426,66.092,0.16,14
37.680842,-121.7594839,66.277,0.146,50
37.6808465,-121.7594292,66.126,0.173,10
37.6809035,-121.7594709,66.225,0.166,39
37.6809032,-121.759432,66.162,0.158,12
37.6809661,-121.7594773,66.11,0.217,51
37.6809596,-121.7594044,66.294,0.113,7
37.6810354,-121.75952,65.774,0.404,9
37.6810997,-121.7596285,65.446,0.448,12
37.6810793,-121.7595507,65.492,0.44,16
37.6810229,-121.7594744,65.99,0.235,35
37.6810352,-121.759412,66.154,0.071,8
37.6810894,-121.7594744,65.931,0.126,30
37.681087,-121.7594133,66.053,0.082,9
37.6808059,-121.7580361,64.311,0.089,7
37.680804,-121.7579573,64.482,0.107,6
37.6808148,-121.7578787,64.817,0.078,6
37.6809325,-121.758095,64.798,0.186,4
37.6810138,-121.7580718,65.018,0.023,5
37.6810684,-121.7580698,64.742,0.214,5
37.6810765,-121.757862,65.24,0.124,6
37.6808356,-121.757781,64.849,0.025,9
37.6807754,-121.7575549,65.244,0.023,7
37.6808292,-121.7576337,65.273,0.01,6
37.6807698,-121.757531,65.237,0.01,6
37.680822,-121.7575098,65.21,0.0,4
37.6808845,-121.7577069,65.101,0.247,8
37.6809458,-121.7577228,65.373,0.116,6
37.6808839,-121.7576579,65.134,0.165,9
37.6809521,-121.7575695,65.17,0.072,8
37.6810088,-121.7578141,65.523,0.074,8
37.6809996,-121.7575424,65.319,0.109,7
37.6810739,-121.7575461,65.501,0.052,9
37.6809126,-121.7575172,65.25,0.023,9
37.6810564,-121.7574884,65.429,0.136,10
37.6810609,-121.7574221,65.658,0.036,9
37.6810843,-121.757351,65.729,0.1,7
37.6811397,-121.7596287,65.527,0.13,15
37.6811507,-121.7595546,65.841,0.171,18
37.6811512,-121.7594824,66.048,0.193,38
37.6811472,-121.7594147,66.103,0.077,11
37.6812101,-121.759487,66.157,0.217,44
37.6812113,-121.7594213,66.139,0.048,10
37.6812733,-121.759481,66.207,0.203,47
37.6812658,-121.7594107,66.252,0.046,6
37.6813354,-121.7594811,66.174,0.232,49
37.6813332,-121.7594056,66.346,0.022,5
37.6814737,-121.7596253,65.818,0.484,42
37.6814713,-121.7595446,66.056,0.503,36
37.6813975,-121.7594782,66.103,0.271,48
37.6813962,-121.759395,66.36,0.0,5
37.6814652,-121.759463,65.609,0.633,77
37.6814611,-121.7594152,65.231,0.823,19
37.6814991,-121.7596172,65.95,0.152,15
37.6814961,-121.7595395,65.831,0.325,24
37.6815142,-121.759451,65.983,0.619,93
37.6815191,-121.7594199,65.243,0.843,39
37.6815774,-121.7594424,66.131,0.45,39
37.6815812,-121.759407,65.359,0.786,85
37.6815715,-121.7593164,64.464,0.107,17
37.6815663,-121.7592395,64.368,0.16,15
37.6815713,-121.759162,64.78,0.451,24
37.6815691,-121.7590893,64.68,0.253,21
37.6815764,-121.7590116,64.725,0.168,24
37.6815776,-121.7589311,64.836,0.289,32
37.681538,-121.758848,64.885,0.047,4
37.6815801,-121.7588577,64.943,0.442,27
37.6815818,-121.7587824,65.104,0.471,38
37.681582,-121.7587051,64.926,0.347,38
37.6815806,-121.7586324,64.967,0.377,44
37.6815837,-121.758551,64.767,0.246,32
37.6815849,-121.7584747,64.75,0.261,29
37.6816588,-121.7595316,66.037,0.579,15
37.6817068,-121.7596209,66.112,0.563,25
37.6817014,-121.7595528,66.138,0.616,17
37.681636,-121.7594497,65.765,0.489,61
37.6816394,-121.7594094,65.589,0.813,69
37.6817082,-121.7594407,66.314,0.272,36
37.6817052,-121.7594063,65.923,0.822,74
37.68175,-121.7596158,66.539,0.054,12
37.6817487,-121.7595453,66.534,0.058,12
37.6817599,-121.7594435,66.426,0.275,45
37.6817653,-121.7593993,65.983,0.839,57
37.6818291,-121.7594386,66.378,0.155,28
37.6818229,-121.7593935,66.044,0.718,69
37.681651,-121.7593203,65.029,0.085,7
37.6816805,-121.759242,64.855,0.145,4
37.6816455,-121.7591484,65.513,0.337,15
37.6816569,-121.7590821,64.926,0.094,7
37.6816965,-121.7591505,65.545,0.537,10
37.6817628,-121.7591185,65.927,0.015,6
37.6818376,-121.7591232,65.93,0.024,5
37.6818853,-121.7594351,66.318,0.219,21
37.6818874,-121.7593936,66.113,0.707,69
37.6819481,-121.7594302,66.282,0.416,25
37.681947,-121.7593944,66.001,0.778,68
37.6820103,-121.759433,66.38,0.644,34
37.6820094,-121.7593915,65.88,0.801,60
37.682073,-121.7594341,66.268,0.791,35
37.6820714,-121.7593899,65.842,0.882,62
37.6818877,-121.7591257,66.037,0.023,6
37.6819502,-121.7591382,65.963,0.056,6
37.6819464,-121.7590538,66.322,0.011,5
37.6820107,-121.7591557,65.913,0.02,6
37.6820059,-121.7590943,66.29,0.047,7
37.6820725,-121.7591437,66.163,0.186,10
37.6816491,-121.7589976,65.056,0.2,11
37.6816428,-121.7589321,65.37,0.448,15
37.6816884,-121.7589898,65.752,0.211,5
37.6817016,-121.7589316,65.874,0.036,9
37.6816323,-121.7588621,65.475,0.404,12
37.6816357,-121.7587875,65.243,0.042,6
37.6817542,-121.7589578,65.993,0.041,10
37.6818188,-121.7590005,66.118,0.03,6
37.6818216,-121.758956,65.956,0.026,7
37.6817568,-121.75885,66.098,0.039,5
37.6818168,-121.7588474,66.082,0.027,5
37.6816177,-121.7587091,65.2,0.063,7
37.6818823,-121.7590189,66.097,0.081,7
37.681885,-121.7589488,65.96,0.04,5
37.6819511,-121.758937,66.013,0.02,9
37.6818935,-121.7588666,66.012,0.026,8
37.6820053,-121.7589802,65.89,0.101,6
37.6820072,-121.7588995,66.02,0.033,4
37.6820706,-121.7590114,65.754,0.056,8
37.6820649,-121.7588993,65.896,0.099,7
37.6811238,-121.7580655,65.22,0.143,4
37.681202,-121.758044,65.43,0.033,6
37.6811252,-121.7578935,65.07,0.042,4
37.681193,-121.7579397,64.935,0.261,6
37.6812672,-121.7580215,65.448,0.084,6
37.6813268,-121.7580106,65.125,0.231,21
37.6812647,-121.7579492,65.249,0.106,16
37.6812623,-121.7578686,65.325,0.142,25
37.6813079,-121.7579599,65.067,0.169,21
37.6815868,-121.7583985,64.687,0.249,33
37.6815857,-121.7583244,64.665,0.278,31
37.6815782,-121.7582456,64.773,0.253,30
37.6815722,-121.7581759,64.962,0.241,33
37.6813905,-121.758067,65.418,0.038,4
37.6813794,-121.758026,65.155,0.195,32
37.6814396,-121.7580805,65.396,0.084,14
37.6814426,-121.758034,65.237,0.128,22
37.6815054,-121.7580972,65.281,0.159,20
37.6815024,-121.7580408,65.192,0.051,11
37.6815689,-121.7580908,65.211,0.157,26
37.6815597,-121.7580388,65.082,0.084,6
37.6812198,-121.7577111,65.507,0.048,9
37.6811296,-121.7575617,65.57,0.037,10
37.6812052,-121.7576369,65.586,0.069,14
37.6811872,-121.7575799,65.465,0.131,17
37.6812496,-121.7577941,65.396,0.148,20
37.6812447,-121.7577216,65.295,0.143,15
37.6812438,-121.7576406,65.375,0.043,11
37.6812437,-121.7575775,65.318,0.026,6
37.6811293,-121.757509,65.372,0.166,6
37.681133,-121.7572651,65.55,0.063,7
37.6811833,-121.7572443,65.458,0.064,13
37.681254,-121.7574923,65.367,0.098,6
37.6812587,-121.7574091,65.473,0.03,7
37.6812406,-121.757326,65.483,0.021,7
37.6816001,-121.7582316,64.736,0.215,8
37.6816211,-121.7580993,64.825,0.128,10
37.6821603,-121.7615146,67.912,0.105,13
37.6822243,-121.7615739,68.222,0.176,17
37.6822163,-121.7615208,68.058,0.625,51
37.6822648,-121.7615249,67.97,0.535,74
37.6823299,-121.7614976,67.982,0.172,23
37.6824082,-121.7614832,67.805,0.097,4
37.6824793,-121.7615682,66.893,0.043,6
37.6824688,-121.7615177,67.238,0.411,18
37.6825905,-121.7616518,67.513,0.014,6
37.6825238,-121.7615698,67.222,0.582,13
37.6825185,-121.7615057,66.875,0.616,15
37.6825793,-121.7615997,66.637,0.678,18
37.6825582,-121.7615138,65.988,0.057,4
37.6821562,-121.7614419,67.378,0.436,13
37.6821594,-121.7613658,67.009,0.212,13
37.6822121,-121.7614404,66.961,0.151,8
37.6822177,-121.7613581,67.361,0.202,14
37.682153,-121.7612752,67.359,0.2,10
37.6821532,-121.7612085,67.704,0.284,37
37.6822186,-121.7612896,67.584,0.163,30
37.6822108,-121.7612272,67.832,0.357,18
37.6822868,-121.7614461,67.749,0.361,70
37.6822774,-121.7613676,67.753,0.227,38
37.6823314,-121.761453,68.075,0.367,95
37.6823506,-121.7613695,67.129,0.359,22
37.6822719,-121.7612898,67.309,0.119,16
37.6822754,-121.7612222,67.62,0.314,17
37.682335,-121.7612075,67.573,0.238,24
37.6821451,-121.7611435,67.507,0.215,18
37.682162,-121.7610544,67.774,0.27,37
37.6822115,-121.7611576,67.445,0.12,11
37.6822076,-121.7610542,67.473,0.276,30
37.6821456,-121.7609863,67.318,0.058,20
37.682145,-121.7609321,67.376,0.091,10
37.6822078,-121.7609773,67.3,0.187,12
37.6822118,-121.7609145,67.373,0.015,6
37.6822727,-121.7611267,67.638,0.044,9
37.6822716,-121.7610391,67.268,0.037,14
37.6823458,-121.7611237,67.356,0.161,17
37.682339,-121.7610405,67.297,0.051,6
37.6822604,-121.7610003,67.724,0.318,7
37.6822744,-121.7609097,67.294,0.055,10
37.6823406,-121.7609865,67.735,0.269,11
37.6823269,-121.7608888,67.402,0.202,8
37.682399,-121.7614424,67.698,0.152,12
37.6823825,-121.761357,67.052,0.286,30
37.6824638,-121.7614408,66.911,0.567,24
37.6824531,-121.7613613,66.595,0.466,13
37.6824022,-121.7611987,67.423,0.214,53
37.6824383,-121.7612987,66.927,0.466,10
37.6824515,-121.7612004,67.495,0.248,54
37.6825085,-121.7614596,66.402,0.313,13
37.6824975,-121.7611782,67.652,0.207,11
37.6823918,-121.761138,67.415,0.209,39
37.6823878,-121.7610583,67.397,0.211,26
37.6824622,-121.7611434,67.372,0.208,20
37.6824515,-121.7610522,67.365,0.133,11
37.6823955,-121.7609882,67.515,0.247,19
37.6823953,-121.7609059,67.499,0.345,11
37.6824635,-121.7609829,67.305,0.094,8
37.6824514,-121.7608963,67.564,0.279,28
37.6825123,-121.7611266,67.44,0.237,31
37.6825297,-121.7610608,67.21,0.21,23
37.6825791,-121.7611104,67.504,0.116,12
37.6825758,-121.7610674,67.201,0.102,9
37.6825149,-121.7609739,67.227,0.148,9
37.6825212,-121.7609022,67.336,0.212,13
37.6825681,-121.7609644,67.088,0.172,20
37.6825841,-121.7609065,67.173,0.202,15
37.682799,-121.7619298,66.538,0.074,4
37.6827805,-121.7618898,66.26,0.073,8
37.6828106,-121.7619006,66.446,0.035,7
37.6828246,-121.7618161,66.309,0.21,17
37.6826555,-121.7616586,66.878,0.696,10
37.6827083,-121.7617415,66.506,0.49,20
37.6827049,-121.7616541,66.615,0.64,11
37.6826477,-121.7616158,66.482,0.635,6
37.6827661,-121.7617305,66.877,0.462,10
37.6827722,-121.7616912,67.08,0.018,6
37.6828293,-121.7617423,66.932,0.54,12
37.6828315,-121.7616872,67.055,0.021,4
37.6827554,-121.7615096,66.721,0.02,7
37.6828312,-121.7615245,66.73,0.056,6
37.6830947,-121.7618849,67.101,0.154,19
37.6830814,-121.7617947,66.525,0.238,25
37.6829031,-121.7617356,67.121,0.278,9
37.6828908,-121.761682,67.077,0.02,6
37.6829569,-121.7617229,66.797,0.344,28
37.6829584,-121.761681,66.917,0.158,9
37.6828878,-121.7614872,66.734,0.03,5
37.6830224,-121.7617155,66.937,0.308,45
37.6830236,-121.7616664,66.996,0.135,20
37.6830749,-121.7617325,66.676,0.301,54
37.6830797,-121.7616745,66.743,0.114,13
37.6830272,-121.7615737,67.025,0.099,13
37.6830169,-121.7615062,67.131,0.061,8
37.6827332,-121.7614208,66.602,0.005,4
37.682744,-121.7614268,66.64,0.026,4
37.6827661,-121.7613856,66.694,0.021,7
37.6828346,-121.761374,66.72,0.02,5
37.682818,-121.7611956,66.424,0.037,7
37.6826417,-121.7610575,67.252,0.161,18
37.6826989,-121.7610408,67.279,0.154,11
37.6826408,-121.7608761,67.027,0.216,14
37.6827066,-121.7609911,67.077,0.17,7
37.682694,-121.7608802,66.928,0.153,4
37.6828262,-121.7610458,66.492,0.043,5
37.6827644,-121.7609824,67.239,0.184,20
37.6828331,-121.7609686,67.106,0.257,25
37.6828367,-121.7609023,66.981,0.165,15
37.6828907,-121.7613748,66.767,0.023,6
37.6829488,-121.7614397,66.657,0.03,6
37.6829528,-121.7613726,66.786,0.029,5
37.6828826,-121.761202,66.272,0.033,5
37.6829448,-121.761196,66.252,0.103,5
37.6830109,-121.7614246,66.992,0.198,19
37.6830161,-121.7613606,66.869,0.172,15
37.6830742,-121.7614004,67.028,0.041,5
37.6830753,-121.7613474,66.711,0.281,15
37.6830107,-121.761198,66.645,0.052,6
37.6830897,-121.7612084,66.496,0.137,50
37.6828925,-121.7610394,67.037,0.174,10
37.6829486,-121.7611339,67.097,0.014,7
37.6828754,-121.7609595,66.934,0.336,17
37.6828968,-121.7609111,66.914,0.363,13
37.6829468,-121.7609872,66.752,0.03,8
37.682945,-121.7609034,66.94,0.323,20
37.6830072,-121.761117,67.058,0.029,5
37.6830747,-121.7611085,66.556,0.352,11
37.6830592,-121.761044,66.218,0.068,5
37.6830065,-121.7609698,66.732,0.027,6
37.6830088,-121.7608969,67.059,0.146,17
37.6830575,-121.7609802,66.479,0.155,11
37.6830618,-121.7608917,66.908,0.447,21
37.6821489,-121.7608261,67.305,0.049,8
37.6821536,-121.760757,67.113,0.06,7
37.6822098,-121.7608395,67.322,0.028,6
37.682205,-121.7607313,66.946,0.06,9
37.6822682,-121.7608352,67.382,0.044,5
37.6822729,-121.7607455,66.909,0.036,11
37.6823334,-121.7608367,67.176,0.266,20
37.6823944,-121.7608284,67.118,0.209,20
37.6824568,-121.7608289,67.523,0.309,27
37.6824548,-121.7606718,66.633,0.072,12
37.6824995,-121.7608288,67.472,0.265,12
37.6825796,-121.760839,67.278,0.136,12
37.6825146,-121.7606458,66.772,0.055,5
37.6825795,-121.7606503,66.883,0.038,6
37.6821391,-121.7598475,67.041,0.264,35
37.6822014,-121.7598468,66.949,0.299,34
37.6822653,-121.7598502,66.669,0.245,60
37.6823011,-121.7598572,66.557,0.059,16
37.6826343,-121.7608155,67.36,0.131,11
37.6826484,-121.7607551,67.216,0.136,9
37.6827019,-121.7608301,67.095,0.322,10
37.6826985,-121.7607385,67.158,0.117,19
37.6826294,-121.7606716,67.022,0.033,5
37.6827033,-121.7606763,67.019,0.068,7
37.6827649,-121.7608159,66.877,0.119,12
37.6827576,-121.7607566,67.306,0.091,20
37.6828293,-121.7608055,66.851,0.132,21
37.6828297,-121.7607478,67.058,0.224,45
37.6827632,-121.7606853,67.015,0.076,12
37.6828279,-121.7606802,66.918,0.12,17
37.6828873,-121.7608082,66.615,0.139,6
37.6828829,-121.7607382,67.144,0.166,32
37.6829506,-121.7608188,66.436,0.229,14
37.682942,-121.7607318,67.036,0.174,30
37.6828876,-121.7606797,66.977,0.118,25
37.6829463,-121.7606729,67.079,0.089,25
37.683015,-121.7608082,66.396,0.347,18
37.6830092,-121.7607348,66.809,0.468,35
37.6830665,-121.7608011,66.642,0.07,10
37.6830695,-121.7607453,67.121,0.21,15
37.6830081,-121.7606771,67.117,0.159,36
37.6830683,-121.7606804,66.966,0.185,36
37.6831388,-121.7618812,66.656,0.601,14
37.683123,-121.7618098,66.198,0.039,8
37.6832072,-121.7618797,66.779,0.521,33
37.6832019,-121.7617876,66.735,0.427,21
37.6832428,-121.7618506,66.29,0.086,8
37.6832569,-121.7618025,66.611,0.495,65
37.6833283,-121.7617896,66.358,0.391,30
37.6831377,-121.7617196,66.52,0.352,46
37.6831438,-121.7616762,66.659,0.044,22
37.6831983,-121.7617203,66.669,0.377,29
37.6832036,-121.7616716,66.673,0.149,17
37.683268,-121.7617358,66.556,0.291,36
37.6832564,-121.7616736,66.597,0.17,16
37.6833199,-121.7617145,66.412,0.214,23
37.6833216,-121.7616643,66.569,0.104,15
37.6833951,-121.7618584,66.032,0.088,8
37.6833878,-121.7617894,66.13,0.362,42
37.6834417,-121.7618615,66.012,0.088,11
37.6834605,-121.761783,66.483,0.067,25
37.6834909,-121.7618611,66.825,0.522,44
37.6835028,-121.7617899,66.451,0.53,88
37.6833837,-121.7617207,66.532,0.319,10
37.6833857,-121.7616604,66.577,0.195,18
37.683446,-121.761726,66.486,0.315,20
37.6834442,-121.7616609,66.577,0.174,18
37.6835221,-121.7617372,66.64,0.452,24
37.6835084,-121.7616591,66.591,0.124,15
37.6835583,-121.7617207,66.659,0.358,31
37.6835631,-121.7616673,66.637,0.083,15
37.6831363,-121.761411,66.947,0.082,6
37.6831296,-121.7613361,66.628,0.255,12
37.683202,-121.761407,66.985,0.042,4
37.6832002,-121.7613484,66.838,0.011,5
37.6831337,-121.7612032,66.624,0.032,9
37.6831936,-121.7612885,66.705,0.245,12
37.6831929,-121.7612108,66.612,0.03,10
37.6832576,-121.7614096,66.806,0.054,5
37.6832592,-121.7613358,66.845,0.038,4
37.6833216,-121.761401,66.694,0.042,5
37.6833188,-121.7613242,66.85,0.013,6
37.683252,-121.7612722,66.734,0.211,9
37.6832675,-121.7612056,66.588,0.106,17
37.683313,-121.7612871,66.783,0.099,9
37.6833178,-121.7611998,66.456,0.15,16
37.6831302,-121.7610997,67.01,0.049,6
37.6831976,-121.7610962,66.758,0.058,5
37.6831293,-121.760988,66.492,0.035,6
37.6831292,-121.7608809,67.161,0.161,15
37.683191,-121.7609866,66.476,0.04,5
37.6831927,-121.7608837,67.249,0.127,14
37.6832503,-121.7610946,66.67,0.023,7
37.683319,-121.761092,66.665,0.055,6
37.6832494,-121.7609812,66.314,0.066,5
37.6832551,-121.7608763,67.224,0.132,10
37.6833117,-121.7609805,66.195,0.032,6
37.683315,-121.7608753,67.21,0.137,10
37.6833763,-121.761393,66.358,0.131,9
37.683372,-121.7613192,66.88,0.024,4
37.6834438,-121.7613924,66.402,0.074,5
37.6834393,-121.7613085,66.895,0.018,6
37.6833804,-121.7612848,66.476,0.082,5
37.6833761,-121.7611948,66.448,0.15,12
37.6834378,-121.761275,66.02,0.296,5
37.6834413,-121.7612021,66.469,0.201,9
37.6835,-121.761403,66.555,0.01,4
37.6835041,-121.7613104,66.824,0.028,7
37.6835654,-121.761405,66.512,0.013,5
37.6835618,-121.7613085,66.71,0.105,6
37.6835018,-121.761273,66.114,0.232,5
37.6835036,-121.761195,66.454,0.238,11
37.6835614,-121.761253,66.268,0.057,5
37.6835646,-121.7611912,66.578,0.132,8
37.6833846,-121.7611096,66.452,0.182,8
37.6834389,-121.7611045,66.48,0.059,11
37.6833798,-121.7609747,66.233,0.039,6
37.6833751,-121.7608667,67.193,0.124,11
37.6834438,-121.7609714,66.186,0.067,5
37.6834384,-121.760857,67.065,0.133,10
37.6834958,-121.7611058,66.103,0.297,9
37.6835095,-121.7610698,66.48,0.038,4
37.6835699,-121.7610323,66.073,0.305,12
37.6835042,-121.760978,66.056,0.061,5
37.6834924,-121.76085,66.987,0.106,7
37.6836329,-121.7617125,66.342,0.08,16
37.6836302,-121.7616598,66.709,0.025,10
37.6836653,-121.7617082,66.368,0.046,4
37.6836867,-121.7616586,66.445,0.2,19
37.6837823,-121.7616362,66.174,0.064,9
37.683872,-121.761586,66.042,0.03,5
37.6838802,-121.7614896,66.552,0.025,10
37.6839322,-121.7615518,66.062,0.005,4
37.6839939,-121.7614897,65.884,0.097,7
37.6836235,-121.7613365,66.488,0.054,4
37.6836812,-121.7613312,66.322,0.015,4
37.6836307,-121.7612644,66.433,0.121,10
37.6836244,-121.7611926,66.672,0.087,11
37.6836957,-121.761274,66.431,0.157,9
37.6836891,-121.7611918,66.617,0.103,16
37.6837477,-121.7612917,66.707,0.051,6
37.6837432,-121.7611798,66.453,0.191,32
37.6837926,-121.7612464,66.798,0.039,14
37.6837959,-121.7612012,66.697,0.214,38
37.6836313,-121.7611031,65.915,0.224,10
37.6836206,-121.7610237,66.118,0.421,9
37.6836898,-121.7611242,65.824,0.328,11
37.6836805,-121.7609732,66.155,0.071,6
37.6837042,-121.76086,66.164,0.137,5
37.6837438,-121.761114,66.176,0.269,27
37.6837493,-121.7610369,66.22,0.191,17
37.6838209,-121.7611112,66.564,0.137,9
37.6838152,-121.7610307,66.49,0.118,9
37.6837411,-121.7609519,66.141,0.129,27
37.6837415,-121.7608805,66.205,0.315,30
37.6838043,-121.760955,66.336,0.131,9
37.6838012,-121.7609008,66.15,0.052,4
37.6838742,-121.7614074,66.483,0.044,9
37.6838692,-121.7613337,66.441,0.082,9
37.6838628,-121.7612587,66.353,0.094,9
37.6838673,-121.7611779,66.264,0.167,7
37.6839427,-121.7611578,66.477,0.73,6
37.6839747,-121.761404,66.104,0.073,7
37.6839886,-121.7613357,66.032,0.169,10
37.6840396,-121.761401,65.884,0.029,5
37.6840618,-121.7613305,65.918,0.03,4
37.6839978,-121.761254,65.976,0.416,10
37.6840014,-121.761196,66.449,0.568,24
37.6840742,-121.7612582,65.768,0.147,5
37.684048,-121.7611946,66.266,0.444,20
37.6838619,-121.7611161,66.002,0.379,9
37.6838522,-121.7610246,65.434,0.097,5
37.6839478,-121.7611046,64.902,0.104,5
37.6839395,-121.7610238,64.805,0.033,4
37.6838629,-121.7609372,65.417,0.137,9
37.6839331,-121.7609426,65.384,0.285,7
37.6839205,-121.7608965,65.685,0.121,6
37.6839936,-121.761105,65.92,0.07,5
37.6839972,-121.7610208,65.883,0.377,12
37.6840572,-121.761104,65.729,0.425,10
37.6840548,-121.7610178,65.357,0.034,6
37.6831305,-121.7608124,66.71,0.101,13
37.6831281,-121.7607434,67.183,0.221,16
37.6831917,-121.7608265,66.782,0.162,21
37.6831902,-121.7607449,67.209,0.241,18
37.6831295,-121.7606716,66.965,0.181,32
37.683187,-121.7606685,66.91,0.095,25
37.6832534,-121.7608249,66.788,0.2,17
37.6832546,-121.7607449,67.234,0.256,17
37.6833146,-121.7608238,66.86,0.168,16
37.6833127,-121.760742,67.053,0.17,15
37.6832493,-121.7606694,66.929,0.088,35
37.6833098,-121.7606677,66.865,0.073,24
37.6833749,-121.7608202,66.818,0.136,16
37.6833712,-121.7607435,66.964,0.189,14
37.6834354,-121.7608163,66.731,0.138,14
37.6834358,-121.7607457,66.658,0.365,15
37.6833682,-121.760668,66.832,0.091,31
37.6834367,-121.7606696,66.728,0.09,28
37.6834981,-121.760818,66.815,0.223,22
37.6834964,-121.7607455,66.587,0.422,15
37.6835597,-121.760812,66.779,0.429,31
37.6835578,-121.7607296,66.811,0.523,30
37.6834938,-121.7606705,66.853,0.135,26
37.6835571,-121.7606747,66.941,0.4,37
37.6836218,-121.7608126,66.447,0.609,23
37.6836195,-121.7607435,66.671,0.495,30
37.6836802,-121.7608004,66.3,0.642,39
37.6836879,-121.7607346,67.204,0.119,14
37.683615,-121.7606674,66.876,0.467,14
37.683685,-121.7606614,67.1,0.399,10
37.6837329,-121.7607941,66.361,0.667,14
37.6837388,-121.7607221,67.214,0.133,51
37.6838077,-121.7608012,66.748,0.038,6
37.6838009,-121.7607243,67.113,0.116,7
37.683743,-121.7606837,66.865,0.037,6
37.6838146,-121.7606774,66.912,0.018,5
37.6838704,-121.7608062,66.504,0.301,5
37.6838627,-121.7607328,66.994,0.091,12
37.683841,-121.760662,66.838,0.044,4
37.6821322,-121.7594326,66.156,0.882,30
37.6821334,-121.7593932,65.83,0.859,68
37.6821927,-121.7594277,66.056,0.915,37
37.6821937,-121.7593904,65.767,0.769,53
37.6822566,-121.7594249,65.963,0.773,30
37.6822552,-121.7593913,65.821,0.695,65
37.6823177,-121.7594242,66.053,0.783,31
37.682318,-121.7593828,65.675,0.674,79
37.6821996,-121.7592065,66.067,0.165,11
37.6821248,-121.759157,66.223,0.239,12
37.6821281,-121.7590766,65.725,0.099,8
37.6822009,-121.7591464,66.273,0.192,21
37.6821882,-121.7591062,66.138,0.188,4
37.682274,-121.7592763,66.057,0.355,6
37.6822506,-121.7592293,65.981,0.352,31
37.6823194,-121.7593044,66.11,0.314,41
37.6823077,-121.7592326,66.0,0.374,28
37.6822355,-121.7591609,65.89,0.263,14
37.6822441,-121.7590702,65.785,0.357,13
37.6822944,-121.7591502,65.852,0.154,5
37.682299,-121.7590752,66.088,0.043,6
37.6823881,-121.7594336,66.622,0.109,15
37.6823751,-121.759378,65.695,0.706,96
37.682415,-121.7593734,65.51,0.627,8
37.6823872,-121.7593124,65.504,0.727,31
37.6823968,-121.759228,65.568,0.819,12
37.6824171,-121.7592931,65.024,0.268,27
37.682425,-121.7592239,65.018,0.223,32
37.6823968,-121.7591586,66.276,0.463,13
37.6824261,-121.7591457,64.945,0.309,38
37.682426,-121.7590719,65.127,0.477,45
37.6821242,-121.7589052,65.624,0.053,5
37.6821877,-121.7589123,65.683,0.034,6
37.6822648,-121.7590035,65.725,0.365,13
37.6822637,-121.7589206,65.744,0.085,7
37.6822903,-121.7589873,65.723,0.373,9
37.6823023,-121.7589236,65.564,0.256,17
37.6823283,-121.758866,65.533,0.235,6
37.6824005,-121.7589788,65.717,0.588,6
37.6823967,-121.7589218,65.685,0.549,12
37.6824272,-121.7589982,65.194,0.355,40
37.6824288,-121.7589188,65.331,0.292,33
37.6823787,-121.75884,65.678,0.355,23
37.6823931,-121.7587797,65.561,0.401,21
37.6824283,-121.7588426,65.295,0.277,32
37.6824213,-121.7587638,65.356,0.385,43
37.6823998,-121.758696,65.269,0.251,8
37.6823945,-121.7586108,65.095,0.338,18
37.6824179,-121.758693,65.505,0.459,55
37.6824181,-121.7586199,65.651,0.373,49
37.6823816,-121.7585394,64.904,0.176,16
37.6823715,-121.758464,65.029,0.297,22
37.6824335,-121.7585378,65.508,0.114,19
37.6824246,-121.7584692,65.492,0.132,13
37.682359,-121.7583893,65.004,0.257,22
37.6823775,-121.7583112,65.015,0.181,24
37.682409,-121.7583854,65.328,0.161,13
