longitude,latitude,avg_temperature
-121.76157539923376,37.68095751779789,66.5625
-121.76153472265585,37.6811106568627,67.02444444444444
-121.76131210843954,37.680739759568176,67.12666666666667
-121.761235861374,37.680738958605794,66.62611111111111
-121.76138733422377,37.68080197626326,66.83285714285714
-121.76138631293637,37.68086339204456,66.595
-121.76131108709242,37.68080117534839,66.97333333333333
-121.76123483996406,37.68080037438424,67.05833333333334
-121.76131006574217,37.68086259112794,66.72625
-121.761233818551,37.68086179016202,66.61
-121.76116063578122,37.68067674181677,66.326
-121.76108438878457,37.680675940757595,66.57928571428572
-121.76115961431152,37.68073815759414,66.8503125
-121.76108336725206,37.6807373565332,67.13911764705882
-121.7610071201956,37.68073655542295,67.3069696969697
-121.76093087314217,37.68073575426346,67.39882352941176
-121.76115859283874,37.680799573370805,67.16357142857143
-121.76115757136286,37.680860989146844,66.988
-121.76100609859716,37.680797971196114,66.39
-121.7609298514809,37.68079717003485,66.7225
-121.76146153890592,37.68092560869434,66.61
-121.76138529164587,37.68092480782523,66.694
-121.76146051767515,37.680987024476096,66.85277777777777
-121.76138427035227,37.68098622360521,66.85074074074075
-121.76130904438885,37.68092400690683,66.667
-121.76123279713484,37.68092320593915,66.78785714285713
-121.76130802303243,37.68098542268505,66.816
-121.7612317757156,37.68098462171561,66.61600000000001
-121.76145949644126,37.68104844025717,66.9451724137931
-121.76138324905558,37.68104763938452,66.79714285714286
-121.76145847520431,37.68110985603759,67.05499999999999
-121.76138222775579,37.68110905516317,66.964
-121.76123075429321,37.68104603749139,66.56666666666666
-121.76130598031027,37.68110825423949,67.04833333333333
-121.76122973286778,37.68110745326652,66.6
-121.76115654988386,37.6809224049222,66.92222222222222
-121.76100201217234,37.68104363428211,67.19777777777777
-121.76092576480478,37.681042833113786,66.925
-121.7610009905584,37.68110505005194,67.83894736842106
-121.76092474312797,37.68110424888186,68.15857142857143
-121.76071132850822,37.68018060856443,66.86
-121.76071030668638,37.680242024336515,66.77571428571429
-121.7606330382599,37.68030263876365,66.9
-121.76070826303341,37.680364855878686,67.046
-121.76063201636903,37.68036405453265,66.866
-121.76048258908962,37.680178204394366,67.01571428571428
-121.76055781361197,37.68024042160222,67.05
-121.76074383186157,37.68051879595941,67.056
-121.76055474775086,37.680424668903896,66.83857142857143
-121.76055372579096,37.680486084669816,67.52615384615385
-121.760477479007,37.680485283221685,66.12129496402878
-121.760401232226,37.68048448172428,66.30491525423729
-121.76032498544804,37.6804836801776,66.86
-121.76055270382795,37.680547500435026,67.42489361702127
-121.76047645698114,37.680546698985154,67.3053947368421
-121.76055168186184,37.68060891619959,67.08166666666666
-121.7604754349522,37.68060811474795,66.8532
-121.76040021013735,37.68054589748599,67.08803571428571
-121.76032396329657,37.68054509593754,66.877
-121.76010033446123,37.680235612216656,65.499
-121.76002408794666,37.68023481047993,65.7955
-121.76009931213365,37.680297027973964,65.934375
-121.76002306555627,37.68029622623548,65.73142857142857
-121.760098289803,37.680358443730604,66.11967741935484
-121.76002204316279,37.68035764199034,65.8559375
-121.75994784143516,37.68023400869392,65.51333333333334
-121.75987159492662,37.680233206858645,65.49727272727273
-121.75979534842115,37.68023240497404,65.4976923076923
-121.7597191019187,37.6802316030402,65.359
-121.75994681898194,37.68029542444769,65.77809523809523
-121.75987057241059,37.68029462261063,65.90444444444444
-121.75994579652559,37.68035684020081,65.91235294117647
-121.75986954989145,37.68035603836198,65.811
-121.7597943258423,37.680293820724295,65.71666666666667
-121.759718079277,37.68029301878869,65.63238095238096
-121.75979330326032,37.680355236473886,65.71291666666667
-121.7597170566322,37.6803544345365,66.15285714285714
-121.7602111264085,37.68045176988629,66.25444444444445
-121.76009726746922,37.68041985948656,66.20272727272727
-121.76002102076619,37.68041905774455,65.62266666666667
-121.76009624513236,37.68048127524188,66.22382352941177
-121.76001999836647,37.680480473498086,65.81903225806452
-121.76024771645882,37.680544294339825,66.71064516129033
-121.76017146962405,37.68054349269281,66.50666666666667
-121.76017044734381,37.68060490844856,66.70833333333333
-121.76009522279236,37.680542690996546,66.31225
-121.76001897596366,37.680541889250975,65.98181818181818
-121.76009420044927,37.68060410675051,66.1123076923077
-121.76001795355775,37.68060330500319,66.1775
-121.75994477406617,37.680418255953235,65.73647058823529
-121.75986852736919,37.68041745411266,65.66642857142857
-121.75994375160363,37.680479671705015,66.00692307692307
-121.75986750484384,37.68047886986266,65.93230769230769
-121.75979228067523,37.68041665222279,65.8
-121.75971603398429,37.680415850283644,65.8725
-121.75979125808705,37.68047806797104,65.78736842105263
-121.75971501133326,37.68047726603013,65.85
-121.75994272913799,37.68054108745613,65.89047619047619
-121.75986648231536,37.68054028561201,65.80470588235295
-121.75994170666925,37.68060250320657,66.17416666666666
-121.7598654597838,37.6806017013607,66.05571428571429
-121.75979023549574,37.680539483718604,65.64625
-121.75971398867915,37.68053868177594,65.65615384615384
-121.75971296602192,37.68060009752109,65.89714285714285
-121.76085462609176,37.680734953054674,67.44225806451612
-121.76077837904437,37.680734151796614,67.35307692307693
-121.760702132,37.68073335048926,67.09157894736842
-121.76062588495864,37.68073254913266,66.74
-121.76085360436765,37.680796368824296,66.38333333333334
-121.76077735725744,37.68079556756447,66.51375
-121.76070111015022,37.68079476625536,67.01125
-121.76062486304603,37.680793964896985,67.25045454545455
-121.76055065989263,37.68067033196352,67.25058823529412
-121.76047441292017,37.680669530510094,66.90176470588234
-121.7605496379203,37.68073174772675,67.06245283018868
-121.760473390885,37.680730946271574,66.7192857142857
-121.76054861594488,37.680793163489334,66.95620689655172
-121.76047236884675,37.68079236203238,66.5595652173913
-121.76054759396635,37.68085457925123,66.85190476190476
-121.7604713468054,37.68085377779253,66.07053571428571
-121.76039612175163,37.680791560526146,66.45181818181818
-121.76031987465953,37.68079075897064,66.14428571428572
-121.76039509964745,37.680852976284534,65.64
-121.76031885249253,37.68085217472726,65.63357142857143
-121.76062179728966,37.680978212186005,66.70214285714286
-121.76084951744022,37.68104203189618,67.00750000000001
-121.76077327007867,37.6810412306293,67.05571428571429
-121.7608484957006,37.681103447662466,68.00625
-121.76069702272014,37.68104042931313,66.96615384615384
-121.76062077536464,37.68103962794769,66.8846875
-121.76061975343654,37.68110104370871,66.87857142857142
-121.76054657198475,37.680915995012484,66.6960975609756
-121.76047032476093,37.68091519355201,66.4836
-121.76054555000002,37.68097741077305,66.69050847457628
-121.76046930271339,37.6809766093108,66.56217391304348
-121.76054452801218,37.68103882653296,66.55515151515152
-121.7604682806627,37.68103802506895,66.51304347826087
-121.76054350602124,37.68110024229221,66.7284375
-121.76046725860894,37.681099440826436,66.3155
-121.76039101119967,37.68109863931139,66.50058823529412
-121.76031476379345,37.68109783774707,66.4059375
-121.76016942506047,37.68066632420363,66.18615384615384
-121.76016840277399,37.68072773995806,66.08999999999999
-121.76009317810309,37.680665522503816,66.45285714285714
-121.76001693114875,37.68066472075474,66.20567567567568
-121.7600921557538,37.68072693825648,66.28851851851852
-121.76001590873662,37.68072613650561,66.235
-121.76024362757049,37.68078995736586,66.13285714285715
-121.76016738048442,37.68078915571179,66.0015
-121.76024260534065,37.68085137312072,65.693
-121.76016635819175,37.68085057146488,65.91
-121.76009113340137,37.680788354008456,66.10805555555555
-121.7600148863214,37.680787552255836,66.03193548387097
-121.7600901110459,37.680849769759774,66.1
-121.76001386390305,37.6808489680054,65.9057142857143
-121.75994068419742,37.68066391895636,66.218
-121.75986443724912,37.680663117108715,66.23666666666666
-121.75993966172247,37.680725334705485,66.30199999999999
-121.75986341471133,37.68072453285606,66.38842105263159
-121.75978819030384,37.680662315211784,66.2525
-121.7597119433616,37.680661513265576,66.18294117647058
-121.75978716770322,37.68072373095738,66.39925925925925
-121.75971092069814,37.6807229290094,66.36444444444444
-121.75993863924441,37.68078675045391,66.09305555555555
-121.75986239217046,37.68078594860275,66.29027027027027
-121.75986136962645,37.680847364348764,66.13714285714285
-121.7597861450995,37.680785146702284,66.1809375
-121.7597098980316,37.68078434475253,66.23333333333333
-121.7597851224927,37.68084656244656,66.18454545454546
-121.75970887536195,37.680845760495046,66.14090909090909
-121.76023851639022,37.68109703613346,66.31225806451613
-121.76016226899,37.68109623447056,66.01833333333333
-121.76008602159283,37.6810954327584,66.12833333333333
-121.76000977419868,37.68109463099696,65.88909090909091
-121.75993352680756,37.68109382918623,65.64263157894737
-121.75985727941944,37.68109302732621,65.6842105263158
-121.75978103203435,37.681092225416926,65.88090909090909
-121.75970478465229,37.681091423458355,65.74071428571429
-121.76176244403986,37.68117447482921,67.10428571428572
-121.76168619651644,37.68117367415016,66.912
-121.76168517546174,37.68123508993454,67.41090909090909
-121.761609948996,37.68117287342183,66.92
-121.7615337014786,37.68117207264422,67.13785714285714
-121.76160892787848,37.68123428920445,67.21470588235294
-121.76153268029826,37.68123348842507,67.08555555555556
-121.76176040205304,37.68129730640082,67.4875
-121.76168415440397,37.681296505718244,67.50490196078431
-121.76168313334307,37.681357921501295,67.50769230769231
-121.76160790675787,37.68129570498638,66.94
-121.76153165911482,37.68129490420527,66.83
-121.76160688563418,37.68135712076768,67.09172413793104
-121.76202267532261,37.68157647945591,66.55000000000001
-121.76190881385216,37.68154457076748,66.4375
-121.76183256594568,37.68154377017643,66.61071428571428
-121.76190779296736,37.68160598655317,66.80153846153847
-121.76183154499806,37.68160518596032,66.87899999999999
-121.76168211227909,37.68141933728368,66.36
-121.76175733904961,37.68148155375327,66.41142857142857
-121.76160586450735,37.68141853654829,66.78313725490196
-121.76152961673861,37.681417735763624,66.97294117647058
-121.76160484337743,37.68147995232826,67.0
-121.76152859554585,37.68147915154182,66.864
-121.76175631804225,37.68154296953608,66.77916666666667
-121.76168007014181,37.68154216884645,66.90857142857142
-121.7617552970318,37.681604385318224,67.10285714285715
-121.76160382224441,37.68154136810754,67.0325
-121.76152757435003,37.681540567319345,67.39545454545454
-121.76152655315107,37.68160198309619,67.30727272727273
-121.76145745396423,37.681171271817334,66.97166666666666
-121.76138120645285,37.68117047094116,67.02285714285713
-121.76145643272105,37.68123268759641,66.875
-121.76115246393688,37.68116806801696,66.64333333333333
-121.7610762164376,37.68116726694367,68.00777777777778
-121.76115144244238,37.681229483789,66.73714285714286
-121.76107519488028,37.68122868271394,68.05
-121.76096133436893,37.68119677312523,68.18333333333334
-121.76115042094479,37.681290899560366,66.838
-121.76107417331983,37.68129009848355,67.888
-121.7610731517563,37.68135151425249,67.70136363636364
-121.7614147344481,37.6814472423821,66.76
-121.76130087345055,37.68141533311397,66.738
-121.76122360424984,37.68147594790332,66.8825
-121.76145132645864,37.68153976648188,66.846
-121.76137507857031,37.68153896559513,66.76555555555555
-121.76145030519689,37.68160118225698,67.538
-121.76137405724567,37.681600381368476,66.828
-121.76129780929753,37.68159958043067,66.83428571428571
-121.76122156135239,37.68159877944359,66.99083333333333
-121.76114837794027,37.68141373110111,67.4325
-121.76107213018967,37.68141293002077,67.86
-121.76114735643338,37.68147514687048,66.91
-121.76107110861993,37.681474345788374,67.53038461538462
-121.76099588244207,37.68141212889114,67.53125
-121.76099486080952,37.681473544656974,67.42999999999999
-121.76114633492335,37.681536562639195,66.98333333333333
-121.76107008704709,37.681535761555324,67.142
-121.76114531341027,37.68159797840723,67.03142857142858
-121.76106906547115,37.68159717732159,67.30875
-121.76099383917385,37.68153496042217,67.3440625
-121.76091759130361,37.68153415923972,67.28519999999999
-121.76099281753505,37.681596376186675,67.3395
-121.76091656960199,37.68159557500249,67.62
-121.76205926815278,37.6816690033795,66.74625
-121.76198302011463,37.68166820288349,66.90642857142858
-121.76205824738747,37.681730419167394,66.822
-121.76198199928648,37.6817296186696,67.08555555555556
-121.76190677207946,37.68166740233818,67.00857142857143
-121.76183052404734,37.68166660174359,67.045
-121.76144928393197,37.681662598031416,67.6490909090909
-121.76137303591797,37.68166179714114,67.56285714285714
-121.76144826266398,37.68172401380519,67.255
-121.76137201458715,37.681723212913134,67.75555555555555
-121.76129678790697,37.681660996201586,67.08555555555556
-121.761220539899,37.681660195212736,66.99
-121.76129576651331,37.681722411971805,67.53
-121.76121951844252,37.681721610981214,67.22181818181818
-121.76140860667027,37.6818157370234,67.27142857142857
-121.76129474511657,37.68178382774139,67.92833333333334
-121.76121849698293,37.681783026749024,67.64384615384616
-121.7612937237167,37.681845243510296,67.308
-121.76121747552024,37.68184444251618,67.73727272727272
-121.76114429189404,37.681659394174616,67.125
-121.7610680438921,37.68165859308722,67.24714285714286
-121.76114327037473,37.681720809941325,67.265
-121.76106702230997,37.68172000885216,67.2674074074074
-121.76095316105706,37.68168809924494,67.68222222222222
-121.7611422488523,37.68178222570739,67.654
-121.76106600072471,37.68178142461645,67.37470588235294
-121.76114122732677,37.68184364147276,67.69363636363636
-121.76106497913635,37.681842840380064,67.69733333333333
-121.76098975260012,37.68178062347624,66.90166666666666
-121.76098873094894,37.68184203923809,66.94538461538461
-121.76129270231375,37.68190665927855,67.29
-121.76121645405445,37.68190585828267,67.362
-121.7612916809077,37.681968075046136,67.52000000000001
-121.76121543258557,37.68196727404848,67.63
-121.76136690788655,37.6820302917632,67.615
-121.76144213499094,37.682092508433826,67.76599999999999
-121.7613658865371,37.68209170753122,67.44727272727272
-121.76129065949854,37.68202949081305,67.27909090909091
-121.76121441111358,37.68202868981362,67.1
-121.76128963808628,37.682090906579305,66.83666666666666
-121.76121338963848,37.68209010557812,67.5075
-121.76114020579816,37.68190505723748,67.76722222222222
-121.7610639575449,37.68190425614303,67.64478260869565
-121.76113918426644,37.681966473001545,67.48083333333334
-121.76106293595036,37.68196567190532,67.35791666666667
-121.76098770929465,37.68190345499928,67.31153846153846
-121.76091146104743,37.68190265380627,66.99875
-121.76098668763726,37.68196487075982,67.09
-121.76091043932722,37.68196406956505,67.05638888888889
-121.76113816273161,37.68202788876493,67.65346153846154
-121.76106191435268,37.68202708766695,67.29171428571429
-121.7611371411937,37.68208930452766,67.49000000000001
-121.76106089275193,37.68208850342792,67.59516129032258
-121.76098566597679,37.68202628651968,67.38
-121.76090941760387,37.68202548532314,67.56142857142858
-121.76098464431318,37.68208770227888,67.4178125
-121.76090839587745,37.68208690108057,67.405
-121.76061873150532,37.68116245946904,66.995
-121.76061770957102,37.68122387522873,67.19521739130435
-121.76061668763359,37.68128529098775,67.095
-121.76061566569307,37.681346706746105,66.94933333333333
-121.76054248402718,37.68116165805078,66.83463414634146
-121.76046623655206,37.681160856583254,67.0023076923077
-121.76054146203005,37.68122307380872,66.8592
-121.7605404400298,37.68128448956599,66.93063492063492
-121.76046419242901,37.681283688094894,66.826
-121.76053941802644,37.68134590532255,66.88958333333333
-121.76046317036283,37.68134510384973,66.94833333333334
-121.76061464374945,37.68140812250378,66.95
-121.76061362180273,37.681469538260814,66.94583333333334
-121.7608413434364,37.68153335800802,67.22
-121.76076509557221,37.681532556727014,67.1284
-121.76068884771104,37.681531755396726,67.04125
-121.76061259985288,37.68153095401716,66.828
-121.76061157789995,37.681592369772865,66.64166666666667
-121.76053839602,37.68140732107849,66.87162790697674
-121.76053737401043,37.681468736833736,66.88444444444445
-121.76046112622114,37.68146793535738,66.91285714285713
-121.76038590057011,37.68140571808002,66.86
-121.76030965284973,37.68140491650686,66.78666666666668
-121.7603848784349,37.681467133831745,67.00368421052632
-121.76030863065168,37.681466332256825,66.88475
-121.76053635199776,37.68153015258832,66.85459016393443
-121.76046010414565,37.681529351110214,66.79958333333333
-121.760535329982,37.68159156834228,66.97885714285714
-121.76045908206706,37.68159076686237,66.83052631578947
-121.76038385629658,37.68152854958281,66.76523809523809
-121.76030760845052,37.681527748006125,66.83999999999999
-121.76016124668182,37.681157650220335,65.888
-121.76008499922182,37.68115684850638,65.80833333333334
-121.76000875176483,37.68115604674319,65.86222222222221
-121.75993250431085,37.68115524493068,65.7209090909091
-121.75985625685995,37.681154443068905,65.69727272727272
-121.759780009412,37.68115364115785,65.48533333333333
-121.75970376196712,37.68115283919752,65.41944444444444
-121.76015715741798,37.68140331321271,66.7825
-121.76023238287146,37.68146553063263,66.788
-121.76015613509428,37.68146472895915,66.70333333333333
-121.76008090970667,37.681402511491726,66.61333333333333
-121.76000466199837,37.681401709721435,66.365
-121.76007988732012,37.6814639272364,66.701875
-121.76000363954898,37.681463125464354,66.7135593220339
-121.76023136060748,37.681526946380174,66.70833333333333
-121.76015511276746,37.681526144704925,66.64416666666666
-121.76007886493046,37.6815253429804,66.61666666666666
-121.7600026170965,37.68152454120659,66.41052631578947
-121.75992739178085,37.68146232364304,66.6612962962963
-121.75985114401576,37.68146152177243,66.2861224489796
-121.7597748962537,37.68146071985255,66.09219512195122
-121.75969864849465,37.68145991788339,65.97571428571429
-121.75992636926554,37.6815237393835,66.15222222222222
-121.75985012143762,37.68152293751113,66.12181818181818
-121.7597738736127,37.68152213558949,66.00307692307692
-121.75969762579084,37.68152133361856,65.98454545454545
-121.76061055594391,37.681653785527914,66.45071428571428
-121.76068578203142,37.68171600266712,66.45
-121.76060953398478,37.681715201282266,66.42
-121.760684760132,37.68177741842258,66.63333333333334
-121.76060851202253,37.681776617035965,66.644
-121.7606837382295,37.681838834177384,66.70333333333333
-121.76060749005718,37.681838032788995,66.83470588235295
-121.76053430796314,37.681652984095535,66.97241379310346
-121.76045805998535,37.68165218261389,66.82166666666667
-121.76053328594115,37.68171439984813,67.0030303030303
-121.76045703790057,37.68171359836471,66.8316
-121.76038078986298,37.68171279683202,66.60999999999999
-121.76030454182842,37.68171199525004,66.602
-121.76053226391606,37.681775815600076,67.04157894736842
-121.76045601581265,37.68177501411489,67.06285714285714
-121.7605312418879,37.681837231351345,67.0448
-121.76045499372164,37.681836429864404,66.915
-121.76037976771225,37.68177421258044,66.93976744186047
-121.76030351961484,37.681773410996676,66.89382352941176
-121.76083521280323,37.68190185256396,66.848
-121.76075896456204,37.68190105127239,66.74666666666667
-121.76083419102017,37.68196326832098,67.04383333333334
-121.76075794271615,37.68196246702762,67.01462962962962
-121.76068271632387,37.68190024993152,66.787
-121.76060646808874,37.68189944854137,66.93085106382979
-121.76068169441517,37.68196166568499,66.95974358974358
-121.76060544611718,37.681960864293075,67.10428571428571
-121.76083214744476,37.68208609983298,67.503
-121.76053021985662,37.681898647101946,67.08578947368422
-121.76052919782222,37.68196006285189,67.204
-121.76022829379689,37.68171119361879,66.954
-121.76015204576836,37.68171039193824,66.85
-121.76007579774286,37.68170959020842,66.922
-121.7599995497204,37.68170878842933,67.19720000000001
-121.76022727152046,37.68177260936368,66.85366666666667
-121.76015102342913,37.68177180768135,66.90260869565218
-121.76007477534081,37.68177100594977,66.868
-121.75999852725549,37.68177020416892,66.61846153846153
-121.75992330170097,37.681707986600934,66.90272727272728
-121.75984705368455,37.68170718472327,66.512
-121.75977080567112,37.68170638279634,66.45166666666667
-121.75969455766077,37.6817055808201,66.30862068965517
-121.75992227917322,37.68176940233875,66.88733333333333
-121.75984603109397,37.68176860045934,67.20669902912621
-121.7598450085003,37.6818300161947,67.20657894736841
-121.75976978301775,37.681767798530615,66.60318181818182
-121.75969353494453,37.68176699655262,66.64785714285713
-121.7598439859035,37.68189143192942,67.27846153846154
-121.75991921157139,37.68195364954822,67.065
-121.75984296330363,37.6819528476635,67.17052631578947
-121.75984194070064,37.68201426339687,67.01
-121.75984091809455,37.682075679129596,67.02
-121.75972705686063,37.68204376833986,67.444
-121.75964285541929,37.68023080105708,65.33571428571427
-121.75956660892287,37.680229999024675,65.248
-121.75964183271475,37.680292216803785,65.63176470588235
-121.7595655861555,37.68029141476963,65.94884615384616
-121.75964081000711,37.680353632549846,65.94833333333334
-121.75956456338506,37.6803528305139,65.73481481481483
-121.7594893395993,37.68029061268616,65.509
-121.7594130930461,37.68028981055345,65.44853658536584
-121.759488316766,37.68035202842868,65.48466666666667
-121.75941207014998,37.68035122629418,65.52875
-121.75933684649593,37.68028900837144,65.59779999999999
-121.759335823537,37.68035042411043,65.51888888888888
-121.75963978729636,37.6804150482952,65.88333333333334
-121.75956354061148,37.68041424625751,65.7625
-121.75963876458252,37.680476464039934,65.745625
-121.7595625178348,37.68047566200046,65.69562499999999
-121.75948729392961,37.68041344417053,65.60666666666667
-121.75941104725075,37.68041264203426,65.3
-121.75948627109011,37.68047485991171,65.65066666666667
-121.75941002434844,37.68047405777369,65.869375
-121.75963774186557,37.680537879783984,65.64099999999999
-121.75956149505502,37.68053707774275,65.71909090909091
-121.75948524824749,37.68053627565224,66.10676470588236
-121.75940900144299,37.68053547351244,66.17545454545454
-121.75948422540179,37.68059769139208,66.24222222222222
-121.75940797853447,37.68059688925052,65.88333333333333
-121.75933480057495,37.68041183984873,65.4759375
-121.75925855390214,37.680411037613936,65.38999999999999
-121.75933377760978,37.680473255586385,66.025
-121.75925753087417,37.68047245334981,66.06166666666667
-121.75918230723238,37.68041023532981,65.29416666666667
-121.75918128414155,37.68047165106394,65.91607142857143
-121.75910503741198,37.68047084872879,65.16799999999999
-121.75933275464152,37.68053467132336,65.72
-121.75925650784308,37.680533869085025,65.63000000000001
-121.75914162608723,37.68056337350112,65.46333333333332
-121.75963569642236,37.68066071127008,66.35352941176471
-121.75955944948613,37.68065990922533,66.23677419354838
-121.7596346736961,37.680722127012146,66.34666666666666
-121.75955842669705,37.68072132496561,66.5318
-121.75948320255296,37.68065910713128,66.35454545454546
-121.7594069556228,37.68065830498795,65.99000000000001
-121.75948217970102,37.68072052286979,66.46891891891892
-121.75940593270803,37.68071972072472,65.94333333333334
-121.7596336509667,37.68078354275354,66.31702702702702
-121.75955740390486,37.68078274070524,66.47133333333333
-121.75963262823423,37.68084495849426,66.04285714285714
-121.75955638110955,37.6808441564442,66.22357142857143
-121.759481156846,37.680781938607666,66.46000000000001
-121.75940490979018,37.680781136460794,66.09214285714286
-121.75948013398785,37.68084335434485,66.27680000000001
-121.75940388686921,37.68084255219623,66.126
-121.75947911112661,37.68090477008138,66.22487179487179
-121.75940286394514,37.680903967930995,66.16166666666668
-121.75947808826228,37.680966185817255,66.11
-121.75940184101795,37.680965383665075,66.29428571428572
-121.75955331270498,37.68102840365709,65.77444444444444
-121.75962853727326,37.68109062145051,65.44583333333334
-121.75955228989724,37.681089819393385,65.49249999999999
-121.75947706539483,37.681027601552444,65.99000000000001
-121.75940081808767,37.68102679939852,66.15375
-121.75947604252424,37.68108901728698,65.93133333333334
-121.7593997951543,37.68108821513128,66.05333333333334
-121.75807007479322,37.680797798766015,64.31142857142858
-121.75795519218971,37.68082730200928,64.48166666666667
-121.75787894513158,37.680826498875064,64.81666666666666
-121.75806802674603,37.68092063017368,64.7975
-121.7581046143292,37.68101315524203,65.018
-121.7581035903277,37.68107457094475,64.74199999999999
-121.75791348412429,37.68104185539646,65.24
-121.75776508668638,37.6807945862327,64.8488888888889
-121.75757498135822,37.680761870152395,65.24428571428572
-121.75765020397539,37.68082408917673,65.27333333333333
-121.75749873437807,37.68076106677355,65.23666666666666
-121.75749770988638,37.68082248246479,65.21
-121.7577254267181,37.680886308154676,65.10125000000001
-121.75772440240866,37.68094772384988,65.37333333333333
-121.75764917960623,37.68088550487086,65.13444444444445
-121.75757190806227,37.68094611722943,65.17
-121.75779962533667,37.68100994278251,65.52250000000001
-121.75757088362406,37.68100753292044,65.31857142857143
-121.75756985918277,37.68106894861077,65.50111111111111
-121.75745804957552,37.680914204290296,65.25
-121.75749361188846,37.681068145223094,65.429
-121.75741736459719,37.68106734178615,65.65777777777777
-121.75730350599694,37.68103542869629,65.72857142857143
-121.75962751452526,37.681152037187914,65.52666666666667
-121.75955126708641,37.68115123512902,65.8411111111111
-121.75947501965058,37.68115043302084,66.04789473684211
-121.75939877221778,37.68114963086338,66.10272727272728
-121.7594739967738,37.68121184875405,66.15727272727273
-121.75939774927816,37.68121104659482,66.13900000000001
-121.75947297389392,37.68127326448658,66.2072340425532
-121.75939672633547,37.681272462325595,66.25166666666667
-121.75947195101094,37.68133468021845,66.17408163265307
-121.75939570338966,37.681333878055696,66.346
-121.7596224007386,37.681459115864946,65.81809523809524
-121.75954615298562,37.68145831379721,66.05555555555556
-121.75947092812484,37.68139609594966,66.10312499999999
-121.75939468044072,37.681395293785144,66.36
-121.75946990523565,37.6814575116802,65.60896103896104
-121.75939365748869,37.68145670951394,65.23052631578948
-121.75962137797197,37.681520531598345,65.95
-121.75954513015616,37.68151972952885,65.83083333333333
-121.75946888234334,37.68151892741008,65.98290322580645
-121.75939263453355,37.681518125242036,65.24307692307693
-121.75946785944792,37.681580343139295,66.13102564102564
-121.7593916115753,37.68157954096949,65.35929411764705
-121.75931536370571,37.68157873875039,64.4635294117647
-121.75923911583914,37.68157793648201,64.368
-121.75916286797559,37.68157713416434,64.78041666666667
-121.75908662011507,37.68157633179741,64.67999999999999
-121.7590103722576,37.68157552938118,64.72458333333334
-121.75893412440314,37.681574726915684,64.8359375
-121.75885889994974,37.68151250868581,64.885
-121.75885787655167,37.681573924400894,64.94296296296297
-121.75878162870328,37.68157312183682,65.10394736842105
-121.75870538085786,37.681572319223484,64.92605263157895
-121.75862913301552,37.68157151656085,64.9665909090909
-121.75855288517616,37.681570713848956,64.7671875
-121.75847663733987,37.681569911087756,64.7496551724138
-121.75954308448789,37.68164256099016,66.03733333333334
-121.7596183096534,37.6817047787946,66.1124
-121.75954206164907,37.6817039767198,66.13764705882352
-121.7594668365494,37.68164175886786,65.76524590163935
-121.75939058861394,37.68164095669628,65.58942028985507
-121.75946581364778,37.68170317459574,66.31416666666667
-121.7593895656495,37.681702372422386,65.92297297297297
-121.75961728687435,37.681766194525345,66.53916666666667
-121.7595410388072,37.68176539244879,66.53416666666666
-121.75946479074304,37.68176459032296,66.426
-121.75938854268195,37.68176378814784,65.98263157894736
-121.75946376783521,37.681826006049505,66.3775
-121.75938751971127,37.681825203872634,66.0436231884058
-121.75931434068153,37.681640154475396,65.02857142857144
-121.759237069662,37.681700767927815,64.855
-121.75916184482575,37.68163854988584,65.51266666666666
-121.75908559690241,37.68163774751714,64.92571428571429
-121.75916082167281,37.68169996560665,65.545
-121.75908355046774,37.68176057895457,65.92666666666666
-121.75915877535756,37.6818227970463,65.93
-121.75946274492426,37.6818874217754,66.31809523809524
-121.75938649673748,37.68188661959675,66.11260869565218
-121.75946172201023,37.68194883750063,66.2816
-121.75938547376062,37.68194803532023,66.00132352941176
-121.75946069909305,37.682010253225194,66.38029411764705
-121.75938445078062,37.68200945104301,65.87983333333334
-121.75945967617281,37.6820716689491,66.26828571428571
-121.75938342779752,37.682070866765145,65.84193548387097
-121.7591577521953,37.681884212765134,66.03666666666668
-121.75915672902993,37.68194562848329,65.96333333333332
-121.7590804807924,37.681944826105735,66.322
-121.75915570586142,37.68200704420078,65.91333333333334
-121.75907945756109,37.682006241821455,66.28999999999999
-121.75915468268983,37.6820684599176,66.163
-121.75900934898208,37.68163694509914,65.05636363636364
-121.75893310106478,37.68163614263187,65.36999999999999
-121.75900832570346,37.68169836081642,65.752
-121.75893207772333,37.68169755834737,65.87444444444445
-121.7588568531505,37.68163534011532,65.47500000000001
-121.75878060523927,37.68163453754949,65.24333333333333
-121.75893105437876,37.68175897406225,65.993
-121.7590062791369,37.681821192249,66.11833333333333
-121.75893003103113,37.68182038977641,65.9557142857143
-121.75885480633883,37.68175817154216,66.098
-121.75885378292834,37.68181958725457,66.082
-121.75866572159775,37.68166404146308,65.2
-121.75900525584898,37.68188260796429,66.09714285714286
-121.75892900768035,37.681881805489944,65.96000000000001
-121.75892798432645,37.68194322120281,66.01333333333334
-121.7588141237094,37.68191130954122,66.0125
-121.75900320926377,37.68200543939288,65.89
-121.75892696096948,37.68200463691501,66.02
-121.75900218596651,37.68206685510618,65.75375
-121.75892593760939,37.68206605262653,65.89571428571428
-121.75810256632309,37.681135986646815,65.22
-121.7580252948742,37.68119659930194,65.43
-121.75787382419715,37.68113357736547,65.07
-121.75794904743606,37.68119579620639,64.935
-121.75802427080052,37.68125801500091,65.44833333333334
-121.75802324672375,37.6813194306992,65.12523809523809
-121.75794802329956,37.68125721190359,65.249375
-121.75787177580162,37.68125640875698,65.32520000000001
-121.75794699915996,37.681318627600106,65.06666666666668
-121.75840038950658,37.68156910827731,64.68666666666667
-121.75832414167633,37.68156830541755,64.66548387096775
-121.75824789384909,37.681567502508514,64.773
-121.75817164602488,37.6815666995502,64.96212121212122
-121.75809847027352,37.681381649448404,65.4175
-121.75802222264386,37.681380846396834,65.1553125
-121.75809744625336,37.68144306514714,65.39571428571428
-121.75802119856088,37.6814422620938,65.23727272727272
-121.75809642223007,37.68150448084521,65.28099999999999
-121.75802017447477,37.68150367779011,65.19181818181818
-121.7580953982037,37.681565896542615,65.21076923076923
-121.75801915038555,37.68156509348574,65.08166666666666
-121.75772030513983,37.681193386624074,65.50666666666666
-121.75756883473834,37.681130364300444,65.57000000000001
-121.75764405771379,37.68119258333143,65.58642857142857
-121.7575678102908,37.68119177998947,65.46470588235294
-121.75779552830672,37.68125560556112,65.396
-121.75771928081484,37.68125480231598,65.29466666666666
-121.75764303332598,37.68125399902154,65.37454545454545
-121.75756678584015,37.681253195677826,65.31833333333333
-121.75745395143325,37.68115986704105,65.37166666666667
-121.75726384532796,37.68112715044695,65.55
-121.75726282062911,37.681188566128895,65.45846153846153
-121.75749053835736,37.68125239228485,65.36666666666666
-121.75741429087759,37.68125158884256,65.47285714285714
-121.75729940732717,37.68128109142757,65.48285714285714
-121.75828345807545,37.68172144322085,64.73625
-121.75809437417422,37.68162731223936,64.825
-121.76151736222096,37.68215472505807,67.91230769230769
-121.76159258957657,37.682216941635836,68.22176470588235
-121.76151634099101,37.68221614082827,68.05764705882353
-121.76151531975795,37.68227755659782,67.97027027027028
-121.76151429852176,37.68233897236669,67.98217391304347
-121.7615132772825,37.682400388134916,67.805
-121.76158850487703,37.68246260471711,66.89333333333333
-121.76151225604015,37.68246180390247,67.23833333333333
-121.7617013465043,37.68255592950336,67.51333333333334
-121.7615874836944,37.68252402048578,67.22153846153846
-121.76151123479468,37.68252321966935,66.87466666666667
-121.76158646250867,37.68258543625375,66.63666666666667
-121.7615102135461,37.682584635435575,65.9875
-121.76144111370128,37.68215392420296,67.37769230769231
-121.76136486518459,37.68215312329856,67.00923076923077
-121.76144009240848,37.6822153399714,66.96125
-121.76136384382895,37.68221453906525,67.36142857142856
-121.76128861667091,37.6821523223449,67.359
-121.76121236816029,37.68215152134196,67.70351351351351
-121.76128759525244,37.68221373810982,67.58366666666667
-121.761211346679,37.68221293710511,67.83222222222223
-121.76143907111258,37.68227675573919,67.74914285714286
-121.76136282247022,37.68227595483127,67.75315789473684
-121.76143804981359,37.68233817150631,68.07452631578947
-121.76136180110842,37.68233737059665,67.12863636363636
-121.7612865738309,37.682275153874095,67.30875
-121.76121032519458,37.682274352867616,67.62
-121.76120930370708,37.68233576862944,67.57291666666667
-121.76113611965266,37.68215072028973,67.50666666666666
-121.76105987114808,37.68214991918822,67.77432432432433
-121.76113509810853,37.68221213605112,67.44545454545454
-121.76105884954109,37.68221133494784,67.47333333333333
-121.76098362264648,37.68214911803742,67.3175
-121.76090737414795,37.68214831683735,67.376
-121.76098260097669,37.68221053379527,67.3
-121.76090635241529,37.68220973259342,67.37333333333333
-121.7611340765613,37.68227355181184,67.63777777777779
-121.76105782793101,37.68227275070682,67.26785714285714
-121.76113305501096,37.682334967571926,67.3564705882353
-121.76105680631787,37.68233416646512,67.29666666666667
-121.76098157930379,37.68227194955249,67.72428571428573
-121.76090533067955,37.682271148348875,67.294
-121.76098055762776,37.68233336530903,67.73545454545454
-121.76090430894071,37.682332564103646,67.4025
-121.76143702851148,37.682399587272776,67.69833333333334
-121.76136077974346,37.682398786361304,67.05166666666666
-121.76143600720626,37.68246100303855,66.91125000000001
-121.76135975837542,37.68246020212535,66.59461538461538
-121.7612082822165,37.682397184390595,67.42283018867924
-121.7612835095476,37.68245940116287,66.92699999999999
-121.76120726072278,37.6824586001511,67.495
-121.76143498589796,37.68252241880368,66.40153846153846
-121.76120623922597,37.68252001591093,67.65181818181817
-121.76113203345753,37.68239638333132,67.41461538461539
-121.7610557847016,37.68239558222274,67.39730769230769
-121.76113101190097,37.68245779909005,67.372
-121.76105476308221,37.68245699797971,67.36454545454545
-121.76097953594866,37.682394781064886,67.51526315789474
-121.76090328719876,37.682393979857764,67.49909090909091
-121.76097851426647,37.68245619682011,67.305
-121.76090226545374,37.68245539561119,67.56428571428572
-121.76112999034135,37.68251921484812,67.44032258064516
-121.76105374145973,37.682518413736034,67.21043478260869
-121.7611289687786,37.68258063060553,67.50416666666666
-121.76105271983417,37.682579829491665,67.2011111111111
-121.76097749258113,37.68251761257464,67.22666666666666
-121.76090124370559,37.68251681136399,67.33615384615385
-121.76097647089273,37.68257902832853,67.088
-121.76090022195433,37.6825782271161,67.17266666666666
-121.7620022588918,37.68280479508938,66.5375
-121.76188839556731,37.682772886354705,66.26
-121.76188737462053,37.682834302127084,66.44571428571429
-121.76181112539453,37.682833501499005,66.30882352941177
-121.76166169034823,37.682647652791715,66.878
-121.76173691831342,37.68270986928327,66.506
-121.76166066921914,37.682709068560136,66.61545454545454
-121.76154680619547,37.682677159500244,66.48166666666667
-121.76173589724404,37.682771285052794,66.877
-121.76165964808695,37.68277048432788,67.08
-121.76173487617159,37.68283270082164,66.93166666666667
-121.76165862695166,37.68283190009499,67.055
-121.76150714978179,37.68276888273026,66.72142857142856
-121.76150612852084,37.68283029849384,66.73
-121.76188329080233,37.68307996520996,67.10052631578948
-121.76180704132503,37.68307916457482,66.5248
-121.76173385509601,37.68289411658983,67.1211111111111
-121.76165760581326,37.682893315861435,67.07666666666667
-121.76173283401735,37.68295553235735,66.79714285714286
-121.76165658467174,37.68295473162718,66.91666666666667
-121.76154272127727,37.682922822558034,66.73400000000001
-121.7617318129356,37.68301694812422,66.93711111111111
-121.76165556352713,37.68301614739227,66.9965
-121.76173079185072,37.68307836389041,66.67574074074074
-121.76165454237945,37.683077563156715,66.74307692307693
-121.7615793141217,37.683015346611064,67.02461538461539
-121.76150306471929,37.68301454578056,67.13125
-121.76139430808789,37.682675557760064,66.60249999999999
-121.76143090063374,37.682768081857546,66.64
-121.7613546514887,37.682767280935515,66.69428571428571
-121.76135363010206,37.682828696695566,66.72
-121.76123976703678,37.68279678733886,66.42428571428572
-121.76105169820548,37.68264124524664,67.25222222222222
-121.76105067657369,37.68270266100096,67.2790909090909
-121.76089920019999,37.68263964286754,67.02714285714286
-121.7609744275066,37.6827018598343,67.07714285714285
-121.76089817844253,37.68270105861834,66.92750000000001
-121.7610486333008,37.6828254925076,66.492
-121.76097340580887,37.68276327558617,67.23949999999999
-121.76097238410804,37.682824691337395,67.10560000000001
-121.7608961349183,37.68282389011792,66.98133333333334
-121.76135260871233,37.682890112454935,66.76666666666667
-121.76142783665303,37.682952329140946,66.65666666666667
-121.76135158731948,37.68295152821364,66.786
-121.76120011017998,37.68288851045601,66.272
-121.76119908866147,37.68294992621117,66.252
-121.7614268153199,37.68301374490077,66.99157894736841
-121.76135056592352,37.68301294397168,66.86933333333333
-121.76142579398369,37.68307516065991,67.02799999999999
-121.76134954452448,37.683074359729055,66.71066666666667
-121.76119806713984,37.68301134196569,66.645
-121.76119704561512,37.68307275771954,66.4958
-121.76104761165972,37.68288690825993,67.037
-121.761122839337,37.68294912513603,67.09714285714286
-121.76097136240413,37.682886107087946,66.93411764705883
-121.76089511315155,37.6828853058667,66.91384615384615
-121.7609703406971,37.682947522837836,66.7525
-121.7608940913817,37.682946721614826,66.9405
-121.76112181775252,37.683010540888766,67.058
-121.76112079616496,37.68307195664085,66.55636363636364
-121.76104454671786,37.68307115551288,66.218
-121.76096931898697,37.68300893858708,66.73166666666667
-121.76089306960873,37.6830081373623,67.05941176470589
-121.76096829727375,37.68307035433562,66.47909090909091
-121.76089204783264,37.68306955310909,66.90761904761905
-121.76083112565237,37.682147515588,67.305
-121.76075487715987,37.68214671428934,67.11285714285715
-121.76083010385692,37.682208931342316,67.32166666666666
-121.76075385530157,37.68220813004191,66.94555555555556
-121.76082908205834,37.68227034709599,67.38199999999999
-121.76075283344016,37.68226954579382,66.9090909090909
-121.76082806025667,37.682331762849,67.1755
-121.76082703845191,37.68239317860135,67.1185
-121.76082601664402,37.68245459435303,67.52333333333334
-121.76067351903365,37.682452991688834,66.63250000000001
-121.76082499483304,37.68251601010404,67.4725
-121.76082397301896,37.6825774258544,67.2775
-121.760672497097,37.6825144074363,66.772
-121.76067147515725,37.682575823183136,66.88333333333334
-121.75983989548533,37.68213709486168,67.04085714285713
-121.75983887287303,37.68219851059306,66.94882352941175
-121.75983785025764,37.68225992632379,66.66933333333333
-121.7598368276391,37.68232134205387,66.556875
-121.76082295120177,37.68263884160409,67.36
-121.76074670220659,37.68263804029132,67.21555555555555
-121.76082192938148,37.682700257353105,67.095
-121.76074568032345,37.68269945603859,67.15789473684211
-121.7606704532144,37.68263723892928,67.022
-121.76066943126844,37.68269865467478,67.01857142857143
-121.7608209075581,37.68276167310147,66.87666666666667
-121.7607446584372,37.68276087178518,67.3055
-121.76081988573159,37.682823088849155,66.85142857142857
-121.76074363654789,37.6828222875311,67.058
-121.76066840931938,37.682760070419604,67.015
-121.7606673873672,37.682821486163775,66.91823529411764
-121.76081886390199,37.682884504596174,66.615
-121.76074261465547,37.682883703276374,67.14375
-121.76081784206929,37.68294592034253,66.43571428571428
-121.76074159275991,37.682945119020964,67.03566666666667
-121.76066636541194,37.68288290190727,66.9768
-121.76066534345357,37.682944317650104,67.0788
-121.76081682023349,37.68300733608824,66.39611111111111
-121.76074057086129,37.68300653476489,66.80914285714286
-121.76081579839459,37.683068751833275,66.642
-121.76073954895952,37.68306795050816,67.12066666666666
-121.76066432149209,37.68300573339228,67.11694444444444
-121.7606632995275,37.68306714913377,66.96611111111112
-121.76188226984003,37.68314138097901,66.65642857142856
-121.7618060202999,37.683140580342105,66.1975
-121.76188124887466,37.683202796747395,66.77939393939393
-121.76180499927165,37.683201996108735,66.7352380952381
-121.76188022790618,37.683264212515134,66.29
-121.76180397824032,37.68326341187473,66.61092307692307
-121.76180295720587,37.683324827640014,66.35833333333333
-121.76172977076274,37.683139779655946,66.51978260869565
-121.76165352122862,37.68313897892048,66.6590909090909
-121.76172874967168,37.68320119542081,66.66862068965517
-121.76165250007472,37.683200394683574,66.67294117647059
-121.76172772857751,37.683262611185,66.55638888888889
-121.7616514789177,37.683261810446005,66.596875
-121.76172670748024,37.68332402694854,66.41217391304347
-121.76165045775758,37.68332322620778,66.56933333333333
-121.76187818595986,37.68338704404859,66.0325
-121.76180193616837,37.68338624340465,66.13023809523808
-121.76187716498207,37.68344845981433,66.01181818181819
-121.76180091512772,37.68344765916862,66.4828
-121.76187614400116,37.6835098755794,66.82477272727273
-121.76179989408396,37.68350907493191,66.45068181818182
-121.76172568637986,37.68338544271142,66.53200000000001
-121.76164943659437,37.683384641968885,66.57722222222223
-121.76172466527638,37.683446858473616,66.4865
-121.76164841542806,37.68344605772934,66.57722222222222
-121.7617236441698,37.683508274235145,66.63958333333333
-121.76164739425866,37.68350747348911,66.59133333333334
-121.76172262306012,37.683569689996034,66.65903225806451
-121.76164637308614,37.68356888924823,66.63733333333333
-121.76142477264435,37.68313657641837,66.94666666666667
-121.76134852312231,37.683135775485766,66.6275
-121.76142375130196,37.68319799217618,66.985
-121.76134750171707,37.68319719124183,66.838
-121.76119602408728,37.68313417347272,66.62444444444445
-121.76127125213522,37.68319639025817,66.705
-121.76119500255635,37.683195589225235,66.612
-121.76142272995644,37.683259407933335,66.806
-121.7613464803087,37.68325860699721,66.845
-121.76142170860781,37.683320823689805,66.694
-121.76134545889725,37.683320022751914,66.85
-121.761270230664,37.68325780601179,66.73444444444445
-121.76119398102234,37.683257004977094,66.58764705882353
-121.7612692091897,37.68331922176475,66.78333333333333
-121.7611929594852,37.683318420728284,66.45625
-121.7611197745743,37.683133372392284,67.01
-121.76111875298055,37.68319478814304,66.75800000000001
-121.76096727555739,37.68313177008351,66.49166666666667
-121.76089102605347,37.68313096885521,67.16066666666667
-121.76096625383795,37.683193185830746,66.476
-121.76089000427119,37.683192384600694,67.24928571428572
-121.76111773138366,37.68325620389311,66.67
-121.76111670978369,37.68331761964255,66.665
-121.76096523211541,37.68325460157732,66.314
-121.76088898248582,37.6832538003455,67.224
-121.76096421038977,37.68331601732321,66.19500000000001
-121.76088796069733,37.68331521608962,67.21000000000001
-121.76142068725609,37.683382239445635,66.35777777777778
-121.76134443748268,37.68338143850598,66.88
-121.76141966590126,37.6834436552008,66.402
-121.76134341606503,37.683442854259376,66.895
-121.76126818771233,37.68338063751705,66.476
-121.76119193794494,37.683379836478835,66.44833333333334
-121.76126716623182,37.68344205326868,66.02000000000001
-121.76119091640163,37.6834412522287,66.4688888888889
-121.76141864454334,37.68350507095528,66.555
-121.76134239464426,37.68350427001211,66.82428571428571
-121.7614176231823,37.683566486709104,66.512
-121.7613413732204,37.68356568576416,66.71
-121.76126614474822,37.683503469019634,66.114
-121.76118989485519,37.683502667977876,66.45363636363636
-121.76126512326151,37.683564884769936,66.268
-121.76118887330564,37.683564083726424,66.5775
-121.76111568818062,37.683379035391326,66.4525
-121.76111466657446,37.683440451139425,66.48
-121.76096318866101,37.68337743306844,66.23333333333333
-121.76088693890574,37.68337663183309,67.19272727272727
-121.76096216692918,37.68343884881302,66.186
-121.76088591711105,37.683438047575905,67.065
-121.76111364496518,37.68350186688684,66.10333333333332
-121.76103739507819,37.683501065746526,66.48
-121.76103637340296,37.683562481491535,66.07333333333334
-121.7609611451942,37.68350026455692,66.056
-121.76088489531325,37.68349946331804,66.98714285714286
-121.76172160194737,37.68363110575624,66.3425
-121.76164535191054,37.68363030500667,66.709
-121.7617205808315,37.68369252151579,66.3675
-121.76164433073181,37.68369172076446,66.44473684210527
-121.7616809240545,37.683784244783034,66.17444444444443
-121.76156501689191,37.68387516722792,66.042
-121.76148876660977,37.68387436637273,66.55199999999999
-121.76156399563794,37.68393658298128,66.0625
-121.7615243385312,37.684028306186434,65.88428571428571
-121.76134035179344,37.683627101515555,66.4875
-121.76133933036336,37.683688517266276,66.3225
-121.76126410177172,37.68362630051958,66.433
-121.761187851753,37.68362549947429,66.67181818181818
-121.7612630802788,37.68368771626853,66.43111111111111
-121.76118683019726,37.68368691522148,66.616875
-121.76126205878279,37.68374913201684,66.70666666666666
-121.7611858086384,37.68374833096803,66.45281250000001
-121.76126103728366,37.68381054776447,66.79785714285715
-121.76118478707646,37.683809746713905,66.69657894736842
-121.76111160173731,37.68362469837973,65.91499999999999
-121.76103535172464,37.68362389723587,66.11777777777779
-121.76111058011871,37.683686114125166,65.82363636363637
-121.76095807997072,37.68368451178464,66.155
-121.76088182990128,37.68368371054048,66.164
-121.76110955849705,37.683747529869926,66.1762962962963
-121.76103330835869,37.68374672872257,66.22
-121.76110853687224,37.68380894561404,66.56444444444445
-121.76103228667107,37.68380814446492,66.49
-121.76095705822337,37.6837459275259,66.14148148148148
-121.76088080809106,37.683745126279966,66.20466666666667
-121.76095603647289,37.683807343266494,66.33555555555556
-121.76087978627777,37.68380654201878,66.15
-121.76141251633065,37.68387356546825,66.48333333333333
-121.76133626605454,37.68387276451449,66.44111111111111
-121.76126001578146,37.68387196351144,66.35333333333334
-121.7611837655114,37.68387116245913,66.26428571428572
-121.76118274394324,37.68393257820366,66.47666666666667
-121.76141047356826,37.683996396967245,66.10428571428572
-121.76133422316649,37.683995596009964,66.03200000000001
-121.76140945218242,37.68405781271576,65.88399999999999
-121.76133320171782,37.68405701175671,65.9175
-121.76125797276774,37.68399479500339,65.976
-121.76118172237197,37.68399399394753,66.44916666666667
-121.76125695125621,37.684056210748366,65.768
-121.76118070079764,37.68405540969075,66.2665
-121.76110751524435,37.68387036135749,66.00222222222222
-121.76103126498035,37.6838695602066,65.434
-121.76110649361337,37.683931777100284,64.902
-121.76103024328651,37.68393097594761,64.805
-121.76095501471931,37.6838687590064,65.41666666666667
-121.76095399296267,37.68393017474565,65.38428571428571
-121.76087774264185,37.68392937349443,65.685
-121.76110547197928,37.68399319284239,65.92
-121.76102922158955,37.683992391687966,65.88250000000001
-121.76110445034206,37.684054608583835,65.729
-121.76102819988952,37.68405380742765,65.35666666666667
-121.76081477655258,37.68313016757763,66.71000000000001
-121.76073852705468,37.68312936625076,67.183125
-121.76081375470746,37.683191583321324,66.78190476190477
-121.76073750514674,37.68319078199269,67.20944444444444
-121.76066227755982,37.683128564874615,66.9653125
-121.76066125558901,37.68318998061477,66.91
-121.76081273285922,37.683252999064365,66.78823529411765
-121.76073648323569,37.68325219773397,67.23411764705882
-121.76081171100792,37.683314414806745,66.86
-121.7607354613215,37.68331361347458,67.05266666666667
-121.76066023361516,37.68325139635429,66.92857142857143
-121.76065921163814,37.683312812093135,66.86458333333333
-121.76081068915352,37.68337583054844,66.8175
-121.76073443940425,37.683375029214524,66.96357142857143
-121.76080966729597,37.68343724628949,66.73071428571428
-121.76073341748389,37.68343644495379,66.658
-121.76065818965805,37.6833742278313,66.83225806451614
-121.76065716767484,37.68343564356883,66.72785714285715
-121.76080864543533,37.683498662029876,66.81545454545454
-121.76073239556042,37.68349786069242,66.58666666666666
-121.76080762357161,37.683560077769584,66.77903225806452
-121.76073137363386,37.68355927643038,66.81099999999999
-121.76065614568854,37.683497059305694,66.85307692307693
-121.76065512369912,37.68355847504187,66.94054054054054
-121.76080660170479,37.68362149350864,66.44739130434782
-121.76073035170421,37.68362069216766,66.671
-121.76080557983482,37.68368290924701,66.30025641025641
-121.7607293297714,37.68368210790427,67.20357142857144
-121.76065410170663,37.68361989077738,66.87642857142858
-121.760653079711,37.68368130651224,67.1
-121.76080455796179,37.68374432498474,66.36142857142856
-121.76072830783552,37.683743523640224,67.2135294117647
-121.76080353608565,37.68380574072178,66.74833333333333
-121.76072728589655,37.68380493937551,67.11285714285714
-121.76065205771228,37.68374272224643,66.865
-121.76065103571047,37.68380413797995,66.912
-121.7608025142064,37.683867156458184,66.50399999999999
-121.76072626395447,37.68386635511014,66.99416666666667
-121.7606113775629,37.683895860861405,66.8375
-121.75945865324945,37.68213308467232,66.156
-121.75938240481132,37.682132282486606,65.83044117647059
-121.75945763032296,37.682194500394885,66.05648648648649
-121.75938138182201,37.6821936982074,65.7666037735849
-121.75945660739337,37.68225591611679,65.96300000000001
-121.75938035882959,37.68225511392753,65.82107692307692
-121.75945558446068,37.68231733183803,66.0525806451613
-121.75937933583408,37.682316529647004,65.67544303797467
-121.7592288848292,37.6821920936846,66.06727272727272
-121.75915365951514,37.68212987563378,66.22333333333334
-121.75907741108911,37.682129073250934,65.725
-121.75915263633733,37.68219129134927,66.27285714285715
-121.75907638784848,37.68219048896465,66.1375
-121.75930411026884,37.682254311689015,66.05666666666666
-121.7592278617111,37.6822535094012,65.98096774193549
-121.75930308721048,37.6823157274067,66.10951219512195
-121.75922683858994,37.68231492511715,65.99964285714286
-121.7591516131564,37.682252707064116,65.89
-121.75907536460473,37.68225190467774,65.78538461538461
-121.75915058997239,37.68231412277829,65.852
-121.75907434135787,37.68231332039014,66.08833333333332
-121.7594545615249,37.68237874755859,66.622
-121.75937831283544,37.68237794536582,65.69510416666667
-121.75937728983371,37.68243936108396,65.51
-121.75930206414901,37.68237714312374,65.50354838709677
-121.75922581546564,37.682376340832406,65.56833333333334
-121.75930104108444,37.68243855884013,65.0237037037037
-121.75922479233823,37.68243775654702,65.0178125
-121.75914956678525,37.682375538491776,66.27615384615385
-121.75914854359502,37.68243695420462,64.94526315789474
-121.75907229485483,37.682436151812944,65.1271111111111
-121.75892491424617,37.6821274683374,65.624
-121.75892389087986,37.6821888840476,65.68333333333334
-121.75899911605607,37.68225110224207,65.72538461538461
-121.75892286751044,37.682250299757136,65.74428571428571
-121.7589980927464,37.68231251795271,65.72333333333333
-121.7589218441379,37.682311715466014,65.56411764705884
-121.75880798296467,37.68227980379051,65.53333333333333
-121.75899706943358,37.68237393366268,65.71666666666667
-121.75892082076227,37.68237313117422,65.685
-121.75899604611767,37.682435349372,65.1935
-121.75891979738354,37.68243454688176,65.33060606060606
-121.75884457209399,37.682372328636454,65.67826086956521
-121.75876832342877,37.682371526049415,65.56095238095239
-121.75884354865244,37.682433744342234,65.2946875
-121.75876729992434,37.68243294175343,65.35558139534884
-121.75869207476654,37.6823707234131,65.26875
-121.75861582610736,37.6823699207275,65.095
-121.75869105119929,37.68243213911533,65.5049090909091
-121.75861480247728,37.682431336427975,65.65081632653062
-121.75853957745119,37.68236911799262,64.90375
-121.75846332879804,37.68236831520845,65.0290909090909
-121.75853855375826,37.68243053369132,65.50842105263158
-121.7584623050423,37.68242973090538,65.49153846153845
-121.75838708014794,37.68236751237501,65.00363636363636
-121.75831083150085,37.68236670949227,65.01541666666667
-121.75838605632934,37.68242892807017,65.3276923076923
